Anger,Disgust,Fear,Negative,Positive
abandoned,aberration,abandon,abandon,august
abandonment,abhor,abandoned,abandoned,sun
abhor,abhorrent,abandonment,abandonment,abba
abhorrent,abject,abduction,abduction,ability
abolish,abnormal,abhor,aberrant,abovementioned
abomination,abominable,abhorrent,aberration,absolute
abuse,abomination,abominable,abhor,absolution
accursed,abortion,abomination,abhorrent,absorbed
accusation,abundance,abortion,abject,abundance
accused,abuse,absence,abnormal,abundant
accuser,accusation,abuse,abolish,academic
accusing,actionable,abyss,abolition,academy
actionable,adder,accident,abominable,acceptable
adder,adultery,accidental,abomination,acceptance
adversary,adverse,accursed,abort,accessible
adverse,affliction,accused,abortion,accolade
adversity,affront,accuser,abortive,accommodation
advocacy,aftermath,accusing,abrasion,accompaniment
affront,aggravation,acrobat,abrogate,accomplish
aftermath,aghast,adder,abscess,accomplished
aggravated,airs,adjudicate,absence,accomplishment
aggravating,alcoholism,admonition,absent,accord
aggravation,alien,adrift,absentee,accountability
aggression,alienate,advance,absenteeism,accountable
aggressive,alienation,adverse,absurd,accredited
aggressor,ammonia,adversity,absurdity,accueil
agitated,amphetamines,afflict,abundance,accurate
agitation,anaconda,affliction,abuse,ace
agony,anathema,affront,abysmal,achieve
alcoholism,angry,afraid,abyss,achievement
alienate,animosity,aftermath,accident,acknowledgment
alienation,annoy,aga,accidental,acquire
allegation,annoyance,aggression,accursed,acquiring
altercation,antagonistic,aggressive,accusation,acrobat
ambush,anthrax,aggressor,accusative,action
anarchism,antichrist,aghast,accused,actual
anarchist,antipathy,agonizing,accuser,acuity
anarchy,antisocial,agony,accusing,acumen
anathema,aphid,ailing,ache,adapt
anger,appalling,alarm,aching,adaptable
angry,arrogant,alarming,acid,addresses
anguish,arsenic,alcoholism,actionable,adept
animosity,ashamed,alertness,adder,adequacy
animus,asshole,alerts,addiction,adjunct
annihilate,asymmetry,alien,adipose,admirable
annihilated,atrocious,alienation,adjudicate,admiral
annihilation,atrocity,ambulance,admonition,admiration
annoy,atrophy,ambush,adrift,admire
annoyance,attacking,anaconda,adulterated,admirer
annoying,autopsy,anarchism,adultery,admissible
antagonism,avarice,anarchist,adversary,adorable
antagonist,averse,anarchy,adverse,adoration
antagonistic,aversion,anathema,adversity,adore
antichrist,awful,angina,afflict,advance
antipathy,awkwardness,anguish,afflicted,advanced
antisocial,baboon,animosity,affliction,advancement
antithesis,backwards,annihilate,affront,advantage
anxiety,bacteria,annihilated,afraid,advantageous
argue,bacterium,annihilation,aftermath,advent
argument,bad,anomaly,aftertaste,adventure
argumentation,badness,anthrax,aggravated,adventurous
arguments,bane,antichrist,aggravating,advisable
armament,bang,antisocial,aggravation,advise
armed,banish,anxiety,aggression,adviser
arraignment,banishment,anxious,aggressive,advocacy
arrogant,bankruptcy,apache,aggressor,aesthetic
arson,banshee,appalling,aghast,aesthetics
assail,barbaric,apparition,agitated,affable
assailant,barf,appendicitis,agitation,affection
assassin,barrow,apprehend,agonizing,affiliated
assassinate,bastard,apprehension,agony,affirm
assassination,beastly,apprehensive,aground,affirmation
assault,belittle,armament,ail,affirmative
asshole,bestial,armaments,ailing,affirmatively
atrocious,betray,armed,aimless,affluence
atrocity,betrayal,armor,airs,affluent
attack,bickering,armored,alarm,afford
attacking,bigot,arraignment,alarming,aga
attorney,bigoted,arsenic,alcoholism,agile
avarice,bile,arson,alien,agility
avenger,birch,artillery,alienate,agree
averse,bitch,asp,alienated,agreeable
aversion,bitterly,assail,alienation,agreed
awful,bitterness,assailant,alimony,agreeing
backbone,blame,assassin,allegation,agreement
bad,blasphemous,assassinate,allege,agriculture
badger,blatant,assassination,aloof,ahead
badness,bleeding,assault,altercation,aid
bane,blemish,astray,ambiguous,aiding
bang,blight,asylum,ambush,alabaster
banger,blighted,atherosclerosis,amnesia,alertness
banish,blister,atrocity,amphetamines,alimentation
banished,bloated,atrophy,anaconda,alive
banishment,blob,attack,anal,allay
bankruptcy,bloodshed,attacking,anarchism,allegiance
banshee,bloodthirsty,attorney,anarchist,allegro
barb,bloody,auditor,anarchy,alleviate
barbaric,blunder,austere,anathema,alleviation
bark,bogus,autopsy,ancient,allied
barrier,boil,avalanche,anger,allowable
bastion,bombed,averse,angina,allure
battalion,bovine,aversion,angling,alluring
batter,bowels,avoid,angry,ally
battery,bran,avoidance,anguish,almighty
battle,brawl,avoiding,animosity,aloha
battled,bribery,awful,animus,amazingly
bayonet,brothel,bacteria,annihilate,ambassador
bear,bug,bacterium,annihilated,ambition
bearish,bum,bad,annihilation,ameliorate
beast,bummer,badness,annoy,amen
beating,bureaucrat,bailiff,annoyance,amenable
bee,burglar,bait,annoying,amend
belittle,burke,bale,annul,amends
belligerent,burnt,bane,annulment,amenity
bellows,butcher,bang,anomaly,amiable
belt,cacophony,banger,anonymous,amicable
berserk,cad,banish,antagonism,amnesty
betray,cadaver,banished,antagonist,amour
betrayal,callous,bankrupt,antagonistic,amuse
bias,cancer,bankruptcy,anthrax,amused
bickering,canker,banshee,antichrist,amusement
bigot,cannibal,barbarian,antipathy,amusing
bigoted,cannibalism,barbaric,antiquated,analyst
bile,carcass,barricade,antisocial,anchor
birch,carelessness,batter,antithesis,anchorage
birthplace,caries,battered,anxiety,angel
bitch,carnage,battled,anxious,angelic
bitterly,catastrophe,battlefield,apache,animate
bitterness,catechism,bayonet,apathetic,animated
blackmail,celebrity,bear,apathy,antibiotics
blame,censor,bearish,aphid,antidote
blasphemous,cess,beast,appalling,antifungal
blasphemy,chagrin,beastly,appendicitis,antique
blast,cheat,beating,apprehension,antiseptic
blatant,cholera,bee,apprehensive,aplomb
blaze,claimant,behemoth,appropriation,apologetic
blemish,clamor,belittle,archaic,apologize
blockade,clumsy,belligerent,arduous,apology
bloodshed,coerce,belt,argue,apostle
bloodthirsty,coercion,bestial,argument,applause
bloody,coldness,beware,argumentative,appreciation
bogus,collapse,bewildered,arid,approbation
boisterous,collusion,bewilderment,armaments,approval
bomb,compost,bier,armed,approve
bombard,condemnation,bigot,arraignment,approving
bombardment,condescension,bigoted,arrears,apt
bothering,confined,biopsy,arrest,aptitude
bout,congress,birch,arrogance,archaeology
boxing,conspirator,birth,arrogant,ardent
brawl,constipation,bitch,arsenic,ardor
brazen,contagion,blackmail,arson,aristocracy
brimstone,contagious,blackness,artillery,aristocratic
broil,contaminate,blast,ash,armed
broken,contaminated,bleeding,ashamed,armor
brunt,contamination,blemish,ashes,aroma
brutal,contempt,blight,ass,arouse
brutality,contemptible,blindfold,assail,array
brute,contentious,blob,assailant,art
buffet,contraband,blockade,assassin,articulate
bugaboo,convict,bloodshed,assassinate,articulation
bully,coop,bloodthirsty,assassination,artisan
bummer,copycat,bloody,assault,artiste
burial,corpse,blues,asshole,artistic
burke,corrupting,bomb,astray,ascendancy
busted,corruption,bombard,astringent,ascent
butcher,cough,bombardment,asylum,aspiration
cacophony,cove,bomber,atheism,aspire
cad,coward,bondage,atherosclerosis,aspiring
callous,crap,bottomless,atrocious,assembly
campaigning,crawl,brawl,atrocity,assent
cancer,creature,brigade,atrophy,asserting
cane,criminal,brimstone,attack,assets
canker,criminality,broke,attacking,assist
cannon,cringe,broken,attenuated,assistance
carelessness,criticize,brutal,attenuation,associate
carnage,critter,brutality,audacity,assuage
cash,crucifixion,brute,austere,assurance
casualty,crude,buck,austerity,assured
catastrophe,cruel,bug,autocratic,astonishingly
caution,cruelty,bugaboo,autopsy,astonishment
celebrity,crushed,bully,avalanche,astrologer
censor,crushing,bunker,avarice,astronaut
chaff,crusty,burdensome,avenger,astronomer
challenge,cuckold,burglar,averse,astute
chant,cupping,burial,aversion,athlete
chaos,cur,buried,avoid,athletic
chaotic,curse,burke,avoidance,atom
cheat,cursing,busted,awful,atone
choke,cutting,butcher,awkwardness,atonement
claimant,cystic,buzz,awry,attachment
clamor,dabbling,cabal,babble,attainable
clash,daemon,cadaver,babbling,attainment
clashing,daft,campaigning,baboon,attendant
claw,damage,cancer,backward,attention
coerce,dame,cane,backwards,attentive
coercion,damn,cannibal,backwater,attest
coldness,dandy,cannon,bacteria,attorney
collision,dank,captive,bacterium,attraction
collusion,dastardly,captor,bad,attractiveness
combat,deadly,carcass,badger,augment
combatant,death,carcinoma,badly,aunt
combative,debauchery,cardiomyopathy,badness,aura
commotion,debris,carnage,bailiff,auspicious
communism,decayed,carnivorous,bait,authentic
complain,deceit,cartridge,bale,authenticity
complaint,deceitful,case,balk,author
complicate,deceive,cash,balm,authoritative
compress,decompose,casket,ban,authority
compulsion,decomposition,casualty,bandit,authorization
concealment,defamation,cataract,bane,authorized
concussion,default,catastrophe,bang,avatar
condemn,defective,caution,banger,award
condemnation,defiance,cautionary,banish,ay
condescension,deform,cautious,banished,aye
confine,deformed,cautiously,banishment,baby
confined,deformity,cemetery,bankrupt,baccalaureate
confinement,defraud,censor,bankruptcy,backbone
confiscate,degeneracy,chaff,banshee,balance
conflagration,degrade,challenge,barb,balanced
conflict,degrading,change,barbarian,ballad
confront,delay,chaos,barbaric,ballet
confusion,deleterious,chargeable,barbarism,ballot
conquest,delinquent,chasm,bark,balm
conspirator,delirium,chicken,barred,balsam
consternation,demon,chimera,barren,banquet
constraint,demonic,cholera,barricade,baptism
contempt,denounce,clashing,barrier,baptismal
contemptible,denunciation,claw,baseless,bard
contemptuous,deplorable,cleave,bastard,bargain
contentious,deplore,cliff,batter,basketball
contraband,depraved,cloudiness,battered,bastion
contradict,depravity,cobra,battery,bath
controversial,depreciate,coerce,battle,beam
convict,depreciated,coercion,battled,beaming
coop,depressing,coffin,battlefield,beautification
copycat,deprivation,coldness,bawdy,beautiful
corrupting,deranged,collapse,bayonet,beautify
counsellor,derision,collusion,bearer,beauty
coup,derogation,coma,beast,bedrock
court,derogatory,comatose,beastly,beer
crabby,desecration,combat,beating,befitting
cracked,desert,combatant,befall,befriend
cranky,deserted,combative,beg,believing
crazed,desist,communism,beggar,benefactor
crazy,despair,compassion,begging,beneficial
crime,despicable,concealed,behemoth,benefit
criminal,despise,concealment,beholden,benevolence
criminality,despotism,concerned,belated,benign
criticism,destructive,condemnation,belittle,berth
criticize,deteriorated,confession,belligerent,betrothed
cross,deterioration,confessional,belt,betterment
crucifixion,detest,confidence,bender,beverage
cruel,devastating,confine,bereaved,biblical
cruelly,devil,confined,bereavement,bilingual
cruelty,devilish,confinement,bereft,birth
crunch,diabolical,conflagration,berserk,birthday
crusade,diaper,conflict,bestial,blameless
crushed,diarrhoea,confusion,betray,bless
crushing,diatribe,conquest,betrayal,blessed
cur,dictatorship,conspiracy,beware,blessing
curse,dilapidated,conspirator,bewildered,blessings
cursed,dire,conspire,bias,bliss
cursing,dirt,consternation,biased,blissful
cussed,dirty,constrain,bickering,bloodless
cutthroat,disallowed,constraint,bier,bloom
cutting,disappoint,contagion,bigot,blossom
dabbling,disappointed,contagious,bigoted,boast
daemon,disappointment,contaminated,bile,bodyguard
damage,disapprove,contempt,biopsy,boisterous
dame,disapproving,contentious,birch,bold
damn,disaster,contraband,birthplace,boldness
damnation,disclaim,convict,bitch,bolster
darkness,discoloration,cop,bite,bonanza
dashed,discolored,corrosive,bitterly,bonne
dastardly,discontent,corrupting,bitterness,bonus
deadly,discontinuity,counsellor,bizarre,bookish
death,discord,courageous,blackjack,bookshop
deceit,discriminating,court,blackmail,bookworm
deceive,discrimination,cove,blackness,boon
deceived,disdain,coward,blame,bountiful
decry,disease,cowardice,bland,bounty
defamatory,diseased,cowardly,blasphemous,bouquet
defect,disfigured,coy,blasphemy,brains
defendant,disgrace,coyote,blast,bravery
defense,disgraced,cracked,blatant,breakfast
defiance,disgraceful,crash,blather,bridal
defiant,disgruntled,crazed,blaze,bride
deflate,disgust,crazy,bleak,bridegroom
defraud,disgusting,creature,bleeding,bridesmaid
defy,dishonest,criminal,blemish,brighten
degeneracy,dishonesty,criminality,blight,brightness
delay,dishonor,cringe,blighted,brilliant
deleterious,disillusionment,cripple,blinded,brocade
delinquent,disingenuous,criticize,blindly,brother
delusion,disintegrate,crocodile,blindness,brotherhood
delusional,dislike,cross,blister,brotherly
demand,dislocated,crouch,bloated,buck
demolish,dismal,crouching,blob,buddy
demon,dismemberment,crucifixion,blockade,build
demonic,dismissal,cruel,bloodshed,building
denounce,disobedience,cruelly,bloodthirsty,bulldog
denunciation,disobey,cruelty,bloody,bulletproof
deny,disparage,crusade,blot,buoy
deplorable,disparaging,crushed,blower,buss
deplore,disparity,crushing,blowout,butler
deportation,displeased,crypt,blues,buttery
depraved,displeasure,cult,bluff,buxom
depravity,dispose,cupping,blunder,buzz
depreciate,disqualified,cur,blur,cab
depreciated,disregarded,curse,blurred,cabinet
depressed,disreputable,cursed,blush,cafe
deprivation,disrespectful,cutter,boast,calculator
deranged,dissection,cutthroat,boasting,calf
derision,disservice,cutting,bog,calm
derogation,distaste,cyanide,bogus,canary
derogatory,distasteful,cyclone,boil,candid
desecration,distorted,cyst,boilerplate,candidate
desert,distress,daemon,boisterous,candied
deserted,distrust,dagger,bomb,capitalist
deserve,divorce,damnation,bombard,captain
desist,donkey,danger,bombardment,captivate
despair,doomsday,dangerous,bombed,captivating
despicable,dreadful,darken,bondage,career
despise,dreadfully,darkened,bonds,careful
despotism,drivel,darkness,boo,carefully
destroyed,drool,dart,booby,caress
destroyer,drunken,dashed,bookworm,caretaker
destroying,dung,dastardly,booze,carol
destruction,duress,deadly,bore,cascade
destructive,dying,death,boredom,cash
detainee,dysentery,debacle,boring,categorical
deterioration,egotistical,debauchery,borrower,cater
detest,egregious,decay,bother,cathartic
detonation,elf,deceit,bothering,cathedral
detract,elimination,decomposition,bottom,cautious
devastate,endemic,defamation,bound,cautiously
devastating,enema,default,bout,celebrated
devastation,enemy,defection,bovine,celebrating
devil,enslaved,defend,boycott,celebration
diabolical,entangled,defendant,brag,celebrity
diatribe,entrails,defense,brandy,celestial
dictatorial,epidemic,defenseless,bravado,center
dictatorship,eradication,defiance,brawl,centurion
difficulty,evade,deflation,brazen,cerebral
disagree,eviction,deformity,breach,ceremony
disagreeing,evil,defy,breakdown,certainty
disagreement,exasperation,degrading,breakneck,chairman
disallowed,excellence,delay,breakup,chairwoman
disappoint,excluded,deleterious,bribe,champion
disappointed,exclusion,deluge,bribery,chant
disapprove,excrement,delusion,brigade,charger
disapproved,excretion,delusional,brimstone,charitable
disapproving,exigent,demented,bristle,charity
disaster,expel,dementia,broadside,charm
disastrous,expulsion,demise,broil,charmed
disclaim,faeces,demon,broke,charming
discontent,failure,demonic,broken,chastity
discord,falsify,demoralized,brothel,chattering
discriminate,falsity,dentistry,bruise,checklist
discrimination,farcical,denunciation,brunt,cheer
disdain,fat,dependence,brutal,cheerful
disease,fatty,deplorable,brutality,cheerfulness
disfigured,fecal,deport,brute,cheering
disgrace,feces,deportation,buck,cheery
disgraced,feeling,depraved,buffet,chemist
disgraceful,ferocious,depreciated,bug,cherish
disgruntled,fiend,depreciation,bugaboo,cherry
disgust,fierce,depress,bulbous,chieftain
disgusting,filth,depressed,bully,child
dishonest,filthy,deprivation,bum,childhood
dishonor,finally,deranged,bummer,chirp
disillusionment,flabby,derogation,burdensome,chisel
disinformation,flagrant,derogatory,bureaucracy,chivalry
dislike,flatulence,descent,bureaucrat,chocolate
disliked,flea,desecration,burglar,choice
dislocated,fleece,desert,burglary,choir
dismay,flesh,deserted,burial,choral
dismissal,flinch,desolation,buried,chorus
disobedience,flog,despair,burke,chosen
disobedient,flop,despairing,burnt,chowder
disobey,fool,despotic,busted,chronicle
disparage,foul,despotism,butcher,chuckle
disparaging,frantic,destination,butt,church
disparity,fraudulent,destitute,buzzed,cider
displaced,freakish,destroyed,cabal,circumcision
displeased,frowning,destroyer,cacophony,circumvention
dispossessed,frustrate,destroying,cad,citizen
dispute,fugitive,destructive,cadaver,civil
disqualified,fungus,detainee,cage,civility
disreputable,furious,deteriorate,calculating,civilization
disrespect,fussy,deterioration,callous,civilized
disrespectful,gaby,detonate,calls,clairvoyant
disruption,gag,devastate,campaigning,clap
dissension,gall,devastating,cancel,clarify
disservice,garbage,devastation,cancer,classic
dissident,garish,devil,canker,classical
dissolution,gelatin,devilish,cannibal,classics
dissonance,gent,diabolical,cannibalism,classify
distracted,germ,diagnosis,cannon,clean
distracting,ghastly,dictator,captive,cleaning
distress,ghetto,dictatorship,captivity,cleanliness
distressing,glitter,die,captor,cleanly
distrust,glut,difficult,capture,cleanse
disturbance,gluttony,difficulty,carcass,cleansing
disturbed,gnome,dike,carcinoma,clearance
disused,gob,dinosaur,cardiomyopathy,clearness
divorce,goblin,dire,carelessness,clerical
dominate,gonorrhea,disable,caricature,clever
domination,goo,disabled,caries,cleverness
doomsday,gore,disallowed,carnage,climax
dreadful,gorge,disappear,carnal,closeness
duel,gory,disapprove,carnivorous,closure
dumps,grating,disaster,cartel,clothe
dupe,gratuitous,disastrous,case,clown
duplicity,gray,discipline,casket,coalition
duress,greasy,discontent,caste,coast
dying,greed,discontinuity,casualty,coexist
earthquake,greedy,discourage,cataract,cogent
effigy,grievance,discrimination,catastrophe,cognitive
egregious,grim,disease,catheter,coherence
elbow,grime,diseased,caution,coherent
elf,grimy,disembodied,cede,cohesive
elimination,grisly,disfigured,celebrity,collectively
encumbrance,groan,disgust,cemetery,colonel
endless,grope,disgusting,censor,colossal
enemy,gross,dishonor,censure,comfort
enforce,grotesque,disinformation,cess,commandant
enmity,growling,disintegrate,cessation,commanding
enslaved,gruesome,dislocated,chaff,commemorate
entangled,gruff,dismal,chafing,commemoration
epidemic,grumble,dismay,chagrin,commemorative
eradicate,grumpy,dismemberment,challenge,commend
eradication,guillotine,dismissal,chaos,commendable
erupt,guilt,disorder,chaotic,commentator
eruption,gush,displaced,charade,committed
escalate,gut,displeased,chargeable,commodore
eschew,gutter,dispossessed,charmed,commonwealth
evade,hag,disreputable,chase,communicate
eviction,hairy,disrespectful,chastisement,communicative
evil,hanging,disruption,chatty,communion
exacerbation,harass,dissident,cheap,community
exaggerate,hardened,dissolution,cheat,commutation
exasperation,harlot,distress,cheesecake,commute
excitation,harmful,distressed,chicane,companion
excite,hate,distressing,childish,compassion
execution,hateful,distrust,chilly,compassionate
executioner,hatred,disturbance,chloroform,compatibility
exile,heartworm,divorce,choke,compatible
expel,hell,dominant,cholera,compelling
expletive,hellish,dominate,chop,compensate
explode,hemorrhage,domination,chore,compensatory
explosive,heretic,dominion,chronic,competence
expulsion,herpes,doom,cigarette,competency
extermination,herpesvirus,doomed,circumvention,competent
extinguish,hideous,doomsday,clamor,complacency
failing,hoax,doubt,clash,complement
fallacious,hog,downfall,clashing,complementary
falsehood,holocaust,dragon,claw,completely
falsification,homeless,dread,cloister,completeness
fatal,homicide,dreadful,clouded,completing
fear,honest,dreadfully,cloudiness,completion
fee,hood,drown,clump,compliance
feeling,hoot,dubious,clumsy,compliant
fenced,hopelessness,duel,cocaine,complicity
ferocious,horrible,dungeon,coerce,compliment
ferocity,horrid,duress,coercion,composed
fervor,horrific,dwarfed,coffin,composer
feud,horrifying,dying,cold,composure
feudalism,horror,earthquake,coldly,comprehend
fib,hostile,edict,coldness,comprehensive
fiend,hostility,eel,colic,comrade
fierce,howl,elevation,collapse,concentric
fight,huff,elf,collision,conciliation
fighting,hulk,elimination,collusion,concluding
firearms,humble,emaciated,coma,concord
fits,humbug,embarrassment,comatose,concordance
flagrant,humiliating,embolism,combat,condolence
fleece,humiliation,emergency,combatant,condone
flog,hurtful,encroachment,combative,conducive
fluctuation,hydrocephalus,encumbrance,committal,conductivity
foe,hypertrophy,endanger,commotion,confederate
foray,hypocrite,endangered,communism,confess
forbidding,hypocritical,endemic,communist,confidence
force,idiocy,endless,competition,confident
forcibly,idiot,endocarditis,complain,confirmed
forearm,idiotic,enemy,complaint,conformance
forfeit,idolatry,enforce,complexed,congenial
forsaken,ignorant,enigmatic,complexity,congratulatory
foul,ill,enmity,complicate,congregation
fraud,illegal,enslaved,complicated,congruence
fraudulent,illegality,entangled,complication,connoisseur
frenetic,illegitimate,epidemic,complicity,conscience
frenzied,illicit,eradication,compost,conscientious
friction,illiterate,erase,compulsion,consciousness
frightful,immoral,eruption,compulsory,consecration
frowning,immorality,escape,conceal,conservation
frustrate,impeach,escaped,concealed,conserve
frustrated,impolite,ethereal,concealment,considerable
frustration,imprisoned,euthanasia,conceit,considerate
fugitive,imprisonment,evacuate,conceited,consistency
fuming,impure,evade,concussion,console
furious,impurity,evasion,condemn,consonant
furiously,inadmissible,eventuality,condemnation,constancy
furnace,inappropriate,eviction,condescending,constant
furor,incarceration,evil,condescension,constitutional
fury,incase,exacerbation,confess,construct
fuss,incest,examination,confession,consummate
gall,incestuous,excitation,confine,contact
gallows,incompatible,excite,confined,contemplation
gang,inconsiderate,exclusion,confinement,content
gent,inconvenient,excruciating,confiscate,continue
gibberish,incredulous,execution,confiscation,contour
glare,incubus,executioner,conflagration,contribute
glaring,incurable,exigent,conflict,contributor
gnome,indecency,exile,conflicting,convenience
godless,indecent,exorcism,confound,convenient
gonorrhea,indifference,expel,confounded,convent
gore,indignation,explode,confuse,convention
gory,ineffectual,explosion,confusion,conversant
grab,inefficiency,explosive,congestion,conversational
grated,inept,expose,conjuring,convert
grating,ineptitude,expulsion,conquest,convince
greed,inexcusable,exterminate,conspirator,cool
grievance,infamous,extermination,conspire,coolness
grievous,infanticide,extrajudicial,consternation,cooperate
grim,infantile,failing,constipation,cooperating
grope,infect,failure,constrain,cooperation
growl,infectious,fainting,constrained,cooperative
growling,infestation,falter,constraint,core
grudge,infidel,fanaticism,contagion,coronation
gruff,infidelity,fang,contagious,corporation
grumble,inhibit,fangs,contaminate,corporeal
grumpy,inhuman,fatal,contaminated,corrective
guillotine,iniquity,fatality,contamination,correspondence
guilty,inmate,fear,contempt,corroborate
gun,insanity,fearful,contemptible,cosmopolitan
halter,insidious,fearfully,contemptuous,cosy
hamstring,instability,fearing,contentious,council
hanging,instinctive,fearless,contraband,counsel
harass,insult,feeling,contracted,counselor
harassing,insulting,felon,contradict,count
harbinger,intense,ferocious,contradiction,countess
hardened,interested,fever,contradictory,courage
harmful,interior,fiend,contrary,courageous
harry,intestinal,fierce,contrasted,courteous
harshness,intolerance,fight,contravene,courtesy
hate,intolerant,fire,contravention,courtship
hateful,intoxicated,firearms,controversial,cove
hating,intrusive,fled,controversy,covenant
hatred,irrational,flee,convict,cradle
haughty,irritating,flinch,conviction,craft
havoc,irritation,flog,coop,craftsman
hell,janitor,flood,copy,cream
hellish,jealous,flounder,copycat,create
hiss,jealousy,flu,coroner,creative
hit,john,fluctuation,corporal,credence
hoax,kite,flying,corpse,credential
holocaust,lagging,foe,correction,credibility
homeless,lament,forbidding,corrosion,credible
homicidal,larceny,force,corrosive,credit
homicide,larger,forced,corrupt,creditable
honest,latent,forcibly,corrupting,credited
hood,latrines,foreboding,corruption,crescendo
hoot,laughable,foreclose,cough,critique
hopelessness,lavatory,foreigner,counsellor,crowning
horrible,lawsuit,forewarned,coursing,crucial
horrid,lawyer,forfeiture,covet,crystal
horrific,laxative,forgotten,coward,cuddle
horror,leeches,formidable,cowardice,culinary
hostage,leer,fortress,cowardly,culmination
hostile,lemon,foul,crabby,cultivate
hostilities,leprosy,fragile,crack,cultivated
hostility,lesser,frantic,cracked,cultivation
hot,lethal,fraught,cracking,culture
howl,lewd,freakish,cramp,cunning
huff,liar,frenetic,cramped,curable
humbug,lick,frenzied,crank,curiosity
humiliate,lie,fret,cranky,curl
hunting,litigate,frigate,crap,cushion
hurt,litigious,fright,crash,customer
hurtful,livid,frighten,crawl,cute
hurting,loathe,frightened,crazed,cutters
hysterical,loathing,frightful,crazy,dame
idiocy,loathsome,fugitive,creaking,dance
idiotic,lonely,fury,creature,daring
ill,loo,gallows,creep,darling
illegal,loon,gang,crime,dashing
illegality,lord,gash,criminal,daughter
illegitimate,lose,gasping,criminality,dawn
illicit,louse,gent,cringe,deal
immaturity,lumpy,ghastly,cripple,dear
immoral,lunacy,ghetto,crippled,debate
immorality,lunatic,ghost,crisis,decency
impermeable,lurid,ghostly,crisp,decent
implicate,lush,giant,critic,declaratory
impotence,lusty,gladiator,criticism,dedication
imprisoned,lying,glare,criticize,defend
imprisonment,lynch,gnome,crook,defended
inadmissible,mad,goblin,cross,defender
inappropriate,maggot,god,crouching,defending
inattention,malaria,gonorrhea,cruciate,defense
incarceration,malevolent,gore,crucifixion,deference
incase,malfeasance,gory,crude,definitive
incendiary,malicious,government,cruel,degree
incense,malign,graduation,cruelly,delectable
incest,mange,grave,cruelty,delegate
incite,mangle,grenade,crumbling,deliberate
incompatible,manslaughter,grieve,crunch,delicious
incompetent,manure,grievous,crusade,delight
incongruous,masochism,grim,crushed,delighted
inconsiderate,massacre,grisly,crushing,delightful
inconvenient,materialist,grizzly,crusty,deliverance
incredulous,measles,grope,cry,delivery
incurable,mess,grounded,crying,democracy
indecency,messy,growl,crypt,demonstrable
indenture,mildew,growling,cuckold,demonstrative
indict,mire,guard,cuckoo,dependent
indifference,misbehavior,guerilla,cull,depth
indignant,misconception,guillotine,culpability,descriptive
indignation,misconduct,gulp,culpable,deserve
indoctrination,miserable,gun,culprit,deserved
inept,misery,gunpowder,cult,designer
inequality,misguided,hag,cumbersome,desirable
inexcusable,mishap,hallucination,cunning,desiring
infamous,misleading,halter,cupping,desirous
infanticide,misplace,halting,cur,destination
infantile,misstatement,hanging,curse,detect
inferno,mistress,hangman,cursed,detection
infidel,mistrust,harbinger,cursing,determination
infidelity,mite,hardened,cursory,determined
inflict,mockery,harm,cutter,develop
infraction,mocking,harmful,cutthroat,devotional
inhibit,molestation,harrowing,cutting,devout
inhuman,monochrome,harshness,cyanide,dexterity
inimical,monstrosity,hate,cyclone,diamond
injure,morals,hateful,cyst,diary
injurious,morbidity,hatred,cytomegalovirus,dictionary
injury,morgue,haunt,dabbling,didactic
injustice,mortification,haunted,daemon,dietary
inoperative,mosquito,havoc,daft,dignified
insane,mouthful,hawk,dagger,dignity
insanity,muck,hazard,damage,diligence
insecure,mucous,hazardous,damages,dinner
insidious,mucus,haze,damn,diplomacy
insignificant,muddy,hearing,damnation,diplomatic
instinctive,muff,hearse,damned,director
insufficiency,murder,heathen,damper,discovery
insult,murderer,heft,dandruff,discreet
insulting,murderous,heighten,dandy,discretion
insurrection,murky,hell,danger,discretionary
intense,musty,hellish,dangerous,discussion
interminable,mutilated,helmet,darken,disinfection
interrupt,mutilation,helpless,darkened,disposed
intimidation,mutiny,helplessness,darkness,disseminate
intolerable,nameless,hemorrhage,dashed,distillation
intolerance,nappy,hesitation,dastardly,distinction
intolerant,nasty,hide,dazed,ditty
intractable,nausea,hideous,deactivate,diverse
intruder,nauseous,hiding,deadlock,diversified
intrusive,nefarious,highest,deadly,diversion
invade,neglected,hiss,death,divinity
invader,nepotism,holiness,debacle,doctor
invasion,nettle,holocaust,debauchery,doer
involution,neurotic,homeless,debris,dogged
involvement,nicotine,homework,debt,dolphin
irate,nose,homicidal,debtor,dominate
ire,notoriety,homicide,decay,don
irreconcilable,noxious,honest,decayed,donation
irritability,nurture,hood,deceased,doubtless
irritable,obese,hooded,deceit,dove
irritating,obesity,hopeless,deceitful,downy
irritation,obi,hopelessness,deceive,duet
jab,obliging,horrible,deceived,duke
jealous,obnoxious,horrid,deceiving,durability
jealousy,obscene,horrific,deception,durable
jeopardize,obscenity,horrified,deceptive,dutiful
jerk,occult,horrifying,declination,eager
kick,octopus,horror,decline,eagerness
kicking,oddity,horrors,declining,earl
kidnap,odious,hospital,decomposition,earn
killing,offend,hostage,decrease,earnest
lace,offender,hostile,decrement,earnestly
lagging,offense,hostilities,decrepit,earnestness
lash,offensive,howl,decry,ease
latent,ogre,hunter,deduct,easement
lava,ooze,hunting,defamation,easygoing
lawlessness,opium,hurricane,defamatory,eat
lawsuit,opponent,hurt,default,ecstasy
lawyer,oppress,hurtful,defeat,ecstatic
legalized,oppression,hurting,defeated,edification
leukemia,oppressive,hydra,defect,educate
libel,orc,hydrocephalus,defection,educated
liberate,outcast,hypertrophy,defective,educational
lie,outhouse,hysteria,defenseless,effective
lightning,outrage,hysterical,deferral,efficacy
limited,overpriced,idolatry,defiance,efficiency
liquor,owing,ill,defiant,efficient
litigate,painful,illegal,deficiency,effort
litigious,palsy,illegality,deficit,ejaculation
livid,parasite,illegitimate,deflate,elaboration
loath,parrot,illicit,deflation,elated
loathe,pathetic,illness,deform,elder
loathsome,paucity,immerse,deformed,elders
lonely,perdition,immigrant,deformity,elect
lose,perpetrator,imminent,defraud,electric
losing,persecution,immoral,defunct,electricity
loss,perspiration,impeach,defy,elegance
loudness,perverse,impending,degeneracy,elegant
lunacy,perversion,impermeable,degenerate,elevation
lunatic,pervert,impotence,degradation,eligible
lying,perverted,imprisoned,degrade,elite
lynch,pest,imprisonment,degrading,eloquence
mad,pestilence,incarceration,delay,eloquent
madden,petroleum,incase,delayed,elucidate
madman,phlegm,incendiary,deleterious,emancipation
madness,phony,incest,deletion,embrace
malevolent,pig,incite,delinquency,emeritus
malice,piles,incrimination,delinquent,eminence
malicious,pillage,incubus,delirious,eminent
malign,pimple,incurable,delirium,eminently
malignant,pious,incursion,deluge,emir
malpractice,pitfall,indefensible,delusion,empathy
mangle,plagiarism,indict,delusional,empower
maniac,plague,indictment,demand,emulate
manipulation,plight,indifference,demanding,enable
manslaughter,plunder,indoctrination,demented,enablement
martial,poaching,indomitable,dementia,enchant
masochism,poison,ineptitude,demise,enchanted
massacre,poisoned,inequality,demolish,enchanting
mastery,poisoning,infamous,demolition,encore
meddle,poisonous,infant,demon,encourage
melodrama,polemic,infanticide,demonic,encouragement
menace,politic,infarct,demoralized,encyclopedia
menacing,pollute,infection,denial,endeavor
mighty,pollution,infectious,denied,endless
militia,polygamy,inferno,denounce,endow
misbehavior,pompous,infestation,denunciation,endowed
misconception,porn,infidel,deny,endowment
miserable,pornography,infidelity,denying,endurance
misery,possessed,infirmity,departed,endure
mislead,possession,inflation,departure,energetic
misleading,poverty,inflict,dependence,enforce
misplace,powerful,infliction,dependency,engaged
misrepresented,powerless,inhuman,dependent,engaging
misstatement,pregnancy,injection,deplorable,enhance
mistress,prejudiced,injure,deplore,enjoy
misunderstanding,presumptuous,injured,deport,enjoying
mob,prick,injurious,deportation,enlighten
mocking,prisoner,injury,depraved,enlightenment
molestation,prohibited,inmate,depravity,enliven
money,prolong,insane,depreciate,enrich
monstrosity,prosecution,insanity,depreciated,ensemble
moody,prostitute,insecure,depreciation,ensign
moral,prostitution,insecurity,depress,enterprising
morals,provoking,insidious,depressed,entertain
morbidity,puke,insolvency,depressing,entertained
mortality,pungent,insolvent,depression,entertaining
mosquito,punished,instability,depressive,entertainment
mournful,punishment,instinctive,deprivation,enthusiasm
muff,purgatory,insulting,deranged,enthusiast
mug,pus,insurmountable,derelict,environ
mule,quack,intelligence,derision,ephemeris
murder,quagmire,intense,derogation,epic
murderer,questionable,intercede,derogatory,epitome
murderous,rabid,interrogate,desecration,equality
musical,raging,interrogation,desert,equally
mutilation,rags,interviewer,deserted,equilibrium
mutiny,rancid,intimately,desertion,equity
mutter,rape,intimidate,desist,erotic
myopia,rascal,intimidation,desolation,errand
nag,rash,intolerance,despair,erudite
nasty,rat,intolerant,despairing,escape
negation,rave,intrigue,desperate,esprit
neglected,rebellion,intruder,despicable,essential
nepotism,recalcitrant,intrusion,despise,established
nether,recession,intrusive,despotic,esteem
nettle,recidivism,invade,despotism,esthetic
noisy,recklessness,invader,destitute,ethical
noncompliance,reflux,iris,destroyed,ethics
notoriety,regurgitation,irrational,destroyer,evergreen
nuisance,rejection,irreconcilable,destroying,everlasting
nurture,remains,irreparable,destruction,evident
objection,remiss,isolated,destructive,evolution
obliging,repellant,jail,detachment,exalt
obliterate,repellent,jarring,detain,exaltation
obliterated,repelling,jaundice,detainee,exalted
oblivion,reproach,jaws,detention,exceed
obnoxious,repudiation,jealousy,deteriorate,excel
obscenity,repulsion,jeopardize,deteriorated,excellence
obstacle,resentment,jeopardy,deterioration,excellent
obstruct,resign,journey,detest,exchange
obstructive,retard,jungle,detonate,excitable
odious,reversal,kerosene,detract,excitation
offend,revoke,khan,detriment,excite
offended,revolting,kidnap,detrimental,excited
offender,revulsion,kill,detritus,excitement
offense,ridicule,killing,devastate,exciting
offensive,ridiculous,knell,devastating,exemplary
onerous,rigor,lace,devastation,exemption
opera,rob,lament,devil,exhilaration
opinionated,robber,landslide,devilish,exhort
opium,robbery,languishing,devious,exhortation
opponent,rogue,lash,devolution,existence
opposed,rook,lava,devour,exotic
opposition,rot,lawlessness,diabolical,expect
oppress,rotting,lawsuit,diagnosis,expectation
oppression,rubbish,lawyer,diatribe,expedient
oppressive,ruined,laxative,dictator,expedition
oppressor,ruinous,leeches,dictatorial,experienced
orc,ruthless,legalized,dictatorship,expert
orchestra,sabotage,leprosy,die,expertise
ordeal,sacrifices,lethal,difficulties,explain
oust,sarcasm,leukemia,difficulty,exquisite
outburst,saturated,libel,digress,exquisitely
outcry,savor,lifeless,dilapidated,extend
outrage,scar,lightning,dilute,extensive
overbearing,schizophrenia,lines,diminish,extra
overpowering,scoff,lion,diminished,extraordinary
overpriced,scold,litigate,din,extricate
owing,scorpion,lockup,dire,exuberance
painful,scoundrel,locust,dirt,facilitate
paralysis,scream,loneliness,dirty,facts
pare,screaming,lonely,disability,faculty
patter,scrub,loom,disable,fain
paucity,scum,lose,disabled,fair
payback,secrete,loss,disaffected,fairly
penalty,secretion,loyal,disagree,faith
penetration,segregate,lunacy,disagreeing,faithful
penitentiary,selfish,lunatic,disagreement,fame
perdition,senseless,lynch,disallowed,familiar
pernicious,sentence,mace,disappoint,familiarity
perpetrator,separatist,mad,disappointed,famous
persecute,septic,madden,disappointing,famously
persecution,serpent,madman,disappointment,fancy
perverse,servile,madness,disapproval,fanfare
perversion,sewage,mafia,disapprove,fascinating
pervert,sewer,mage,disapproved,fascination
pessimism,sewerage,malaria,disapproving,fashionable
pest,shabby,malevolent,disaster,faultless
phony,shack,malice,disastrous,favorable
picket,shackle,malicious,disbelieve,favorite
picketing,sham,malignancy,discards,favoritism
pillage,shame,malignant,discharge,fearless
pique,shameless,mandamus,discipline,feat
pirate,shanghai,mange,disclaim,feature
pitfall,shit,mangle,discoloration,feeling
playful,shoddy,maniac,discolored,felicity
plunder,shoplifting,manifestation,discomfort,fellow
poaching,shun,manipulation,disconnect,fellowship
poison,sick,manslaughter,disconnected,fertile
poisoned,sickening,marry,disconnection,fervor
poisonous,sickly,martyr,discontent,festival
polemic,sickness,martyrdom,discontinue,festive
politics,sin,masochism,discontinuity,fete
possessed,sinful,massacre,discord,fidelity
possession,sinister,measles,discourage,fiesta
pound,sinner,medical,discouragement,finally
poverty,sinning,melee,discredit,finery
pow,slander,menace,discriminate,finesse
powerful,slaughter,menacing,discriminating,fireball
powerless,slaughterhouse,mercenary,discrimination,fireproof
preclude,slaughtering,merciless,disdain,firmness
prejudice,slavery,mighty,disease,firstborn
prejudicial,slayer,military,diseased,fitting
presumptuous,slime,militia,disembodied,fixture
pretending,slimy,miscarriage,disengagement,flattering
prick,slop,misconception,disfigured,fleet
prison,sloppy,misery,disgrace,flexibility
prisoner,sloth,misfortune,disgraced,flirt
profane,sludge,mishap,disgraceful,floral
profanity,slug,mislead,disgruntled,flow
prohibited,slum,missile,disgust,flowery
prosecute,slur,missing,disgusting,flush
provocation,slush,mistaken,disheartened,flying
provoking,slut,mistrust,disheartening,focus
pry,sly,moan,dishonest,fondness
psychosis,smell,mob,dishonesty,food
punch,smelling,molestation,dishonor,football
punished,smuggler,monster,disillusionment,forbearance
punishing,smut,monstrosity,disinformation,fore
punishment,snake,morbidity,disingenuous,forefathers
punitive,snarl,morgue,disintegrate,foregoing
quandary,sneer,mortality,disintegration,foreman
quarrel,sneeze,mortgage,disinterested,forerunner
rabble,socialism,mortgagor,dislike,foresee
rabid,socialist,mortification,disliked,foreseen
rage,soil,mortuary,dislocated,foresight
raging,soiled,mournful,dismal,forge
raid,soot,mug,dismay,forgive
rail,sordid,mum,dismemberment,forgiven
ram,soreness,murder,dismissal,forgiving
rampage,soulless,murderer,disobedience,formative
ransom,sour,murderous,disobedient,formula
rape,speck,musket,disobey,forte
rapping,spew,mutilation,disorder,forthcoming
rascal,spider,mutiny,disorderly,fortify
rating,spit,muzzle,disorganized,fortitude
rave,spoil,mysterious,disparage,fortress
ravenous,spurious,nasty,disparaging,fortunate
raving,squeamish,nefarious,disparity,fortune
react,squelch,nervous,dispassionate,forward
rebel,squirm,nervousness,dispel,found
rebellion,stain,nether,dispersion,foundation
recalcitrant,stalemate,neuralgia,displace,fragrant
recession,stall,neurosis,displeased,frank
recidivism,stealing,neurotic,displeasure,frankness
reckless,sticky,newcomer,disposal,fraternal
recklessness,stigma,nightmare,dispossessed,freedom
reject,stingy,noncompliance,dispute,freely
rejection,stink,notoriety,disqualification,friend
rejects,stinking,noxious,disqualified,friendliness
remand,stomach,nurture,disqualify,friendly
remiss,stools,obey,disregard,friendship
remove,strangle,obi,disregarded,frisky
renegade,stripped,obliging,disreputable,frolic
renounce,sty,obligor,disrespect,frugal
repay,subjugation,obliterate,disrespectful,fruitful
repellent,subsidy,obliterated,disruption,fulfill
reprimand,subvert,obliteration,dissatisfaction,fulfillment
reprisal,suffering,oblivion,dissension,full
reproach,suffocating,obstacle,dissenting,fully
repudiation,suicidal,obstruct,disservice,fun
resent,sump,occult,dissident,fundamental
resentful,sunk,odious,dissolution,fuse
resentment,suppression,offender,dissonance,fusion
resign,surly,offense,distaste,gain
resistance,swamp,ogre,distasteful,gaining
resisting,swampy,omen,distorted,gallant
restitution,swarm,ominous,distortion,gallantry
restrain,swig,omnipotence,distract,galore
restriction,swine,opera,distracted,garden
retaliate,taboo,operation,distracting,garnet
retaliation,tariff,opium,distraction,garrison
retaliatory,tarnish,opponent,distraught,gazette
retract,tasteless,opposed,distress,gear
retribution,tawny,oppress,distressed,gem
revenge,tearful,oppression,distressing,general
reversal,teeming,oppressive,distrust,generosity
revoke,termite,oppressor,disturbance,generous
revolt,terrible,orc,disturbed,genial
revolting,terrorism,ordnance,disuse,genius
revolution,terrorist,orphan,disused,genteel
revolver,tetanus,outburst,divergent,gentleman
revulsion,theft,outcast,diverse,gentleness
rheumatism,theism,outcry,divested,gentry
ribbon,thief,outpost,divestment,genuine
ridicule,thoughtless,outsider,divorce,geranium
ridiculous,thrash,overpowering,dizziness,gift
rifle,threatening,overt,dizzy,gifted
ringer,thrift,overthrow,docked,gigantic
riot,thug,owing,doit,giggle
riotous,tirade,pain,doldrums,girder
rivalry,toad,pained,dole,giving
rob,toilet,painful,dolor,glad
robbery,tortious,palsy,dominant,gladness
rocket,torture,pandemic,dominate,glee
rook,toxic,panic,domination,glide
row,traitor,parachute,donkey,glimmer
ruined,tramp,parade,doodle,glittering
ruinous,trash,paralysis,doom,glorification
ruthless,trashy,paranoia,doomed,glorify
saber,travesty,parasite,doomsday,glory
sabotage,treacherous,pare,doubt,gloss
saloon,treason,penal,doubtful,glow
sarcasm,treat,penalty,doubting,glowing
satanic,tree,penance,douche,god
savage,tribunal,penetration,dour,godly
savagery,trickery,perdition,downfall,godsend
scandalous,tyrannical,peril,drab,gold
scapegoat,tyrant,perilous,drainage,good
scar,ugliness,perish,drawback,goodly
scarcity,ugly,perishing,dread,goodness
scare,ulcer,perjury,dreadful,goods
schism,unaccountable,pernicious,dreadfully,goodwill
schizophrenia,unattractive,perpetrator,dreary,gorgeous
scoff,unbearable,persecute,drinking,gospel
scold,uncaring,persecution,drivel,govern
scolding,uncertain,perturbation,drone,grace
scorching,unclean,perverse,drooping,graceful
scorn,unconscionable,pessimism,drought,gracious
scorpion,undesirable,pessimist,drown,graciously
scoundrel,undoubted,pest,drowsiness,graduation
scourge,uneasy,pestilence,drudgery,grandchildren
scrapie,unequal,phalanx,drunken,grandeur
scream,unfair,phantom,drunkenness,grandmother
screaming,unfaithful,picket,dubious,grant
screwed,unfavorable,pillage,dull,granted
sectarian,unfriendly,pinion,dumb,grateful
sedition,ungrateful,pitfall,dummy,gratify
segregate,unhappy,plague,dumps,gratitude
selfish,unhealthy,plea,dun,greater
senseless,unjustifiable,plight,dungeon,greatness
sentence,unkind,plummet,dupe,green
separatist,unlawful,plunder,duplicity,greeting
shackle,unlucky,plunge,duress,gregarious
shaky,unmanageable,pneumonia,dust,grin
sham,unnatural,poaching,dwarfed,grist
sharpen,unpleasant,poison,dying,grit
shatter,unpopular,poisoned,dysentery,groundwork
shell,unruly,poisonous,earthquake,grow
shit,unsatisfactory,police,eavesdropping,growth
shiver,unsatisfied,policeman,edict,guarantee
shock,unsettled,polio,effeminate,guard
shoddy,unsightly,posse,egotistical,guardian
shoot,unthinkable,possessed,egregious,guardianship
shooting,untidy,possession,eject,gubernatorial
shoplifting,untoward,poverty,ejection,guidance
shortage,unwashed,powerful,elimination,guide
shot,unworthy,powerfully,elusive,guidebook
shout,vacuous,powerless,emaciated,guru
shove,vainly,pray,embargo,guts
shriek,vampire,precarious,embarrass,gymnast
shrill,varicella,precipice,embarrassing,habitat
shun,vegetative,predicament,embarrassment,hail
sickening,venom,prejudiced,embezzlement,hale
simmer,venomous,premeditated,embolism,handy
sin,vermin,prevent,embroiled,happily
sinful,vesicular,prey,emergency,happiness
sinister,vicious,prick,enclave,happy
sinner,victimized,prison,encroachment,hardy
sisterhood,villainous,prisoner,encumbrance,harmoniously
sizzle,vindictive,probation,endanger,harmony
skewed,violent,problem,endangered,harvest
skid,violently,procedure,endemic,haven
skirmish,vomit,prognosis,endless,headway
slam,vulgar,prohibited,enemy,heal
slander,vulgarity,projectile,enforce,healing
slap,vulture,projectiles,enforcement,healthful
slash,wallow,prosecute,enigmatic,healthy
slaughter,wart,prowl,enmity,heartfelt
slaughterhouse,waste,psychosis,enslave,hearth
slaughtering,wasted,puma,enslaved,heartily
slave,wasteful,punch,enslavement,heavenly
slavery,wasting,punish,entangled,heavens
slay,weight,punished,entanglement,hedonism
slayer,weird,punishing,entrails,heft
slur,wench,punishment,envious,helmet
slut,whine,punitive,epidemic,helper
sly,whore,purgatory,epilepsy,helpful
smack,wickedness,purge,eradicate,herbal
smash,wimp,quail,eradication,hero
smell,wimpy,quake,erase,heroic
smite,wince,quandary,erosion,heroics
smother,winning,quarantine,erotic,heroine
smuggler,witch,quash,err,heroism
snarl,withered,quiver,errant,heyday
snarling,woe,quivering,erratic,highest
sneak,woefully,rabble,erratum,hilarious
sneer,worsening,rabid,erroneous,hilarity
socialist,worthless,radiation,error,hire
soldier,wrangling,radioactive,erupt,hobby
sordid,wreck,radon,eruption,holiday
sore,wretch,raging,escalate,holiness
spank,wretched,raid,escape,holy
spanking,wrongdoing,rampage,eschew,homage
spat,wrongful,ransom,espionage,homology
spear,Grand Total,rape,estranged,honest
spine,,raptors,euthanasia,honesty
spite,,rascal,evacuate,honey
spiteful,,rat,evacuation,honeymoon
squelch,,rating,evade,honor
stab,,rattlesnake,evasion,honorable
stalemate,,ravenous,evict,hope
standoff,,ravine,eviction,hopeful
standstill,,raving,evil,horizon
steal,,razor,exacerbate,hospitality
sterling,,react,exacerbation,household
stifled,,rebel,exacting,housekeeping
stigma,,rebellion,exaggerate,hug
sting,,recesses,exaggerated,humane
stingy,,recession,examination,humanitarian
stolen,,reckless,exasperation,humanity
stone,,recklessness,excavation,humble
storm,,refutation,excess,humbled
storming,,regiment,excise,humbly
strained,,regulatory,excluded,humility
strangle,,reject,excluding,humorist
strife,,rejection,exclusion,humorous
strike,,rejects,excrement,hurrah
stripped,,rekindle,excruciating,husbandry
struggle,,relapse,excuse,hush
subjugation,,reluctant,execution,hut
subsidy,,remains,executioner,hygienic
subversion,,remove,exhaust,hymn
subversive,,repellant,exhausted,idealism
sucker,,repellent,exhaustion,idol
sue,,repent,exigent,illuminate
suffocation,,repression,exile,illumination
suicidal,,reprisal,exorcism,illustrate
suicide,,repulsion,expatriate,illustrious
sullen,,resection,expel,imaginative
suppress,,resign,expenditure,immaculate
suppression,,resistant,expenses,immediately
supremacy,,resisting,expire,immense
surcharge,,restrain,expired,immerse
surly,,restrained,expletive,immortal
suspicious,,restriction,explode,immovable
swastika,,retaliation,explosion,impart
tackle,,retard,explosive,impartial
talons,,reticent,exposed,impartiality
tariff,,retirement,expropriation,impeccable
taunt,,retrenchment,expulsion,impervious
tease,,retribution,exterminate,importance
teasing,,revenge,extermination,important
tempest,,revoke,extinct,impress
tension,,revolting,extinguish,impression
terrible,,revolution,extrajudicial,improve
terrorism,,revolver,extremity,improved
terrorist,,revulsion,fabricate,improvement
terrorize,,rheumatism,fabrication,improving
theft,,rifle,fade,improvise
theocratic,,rigor,faeces,inalienable
thief,,riot,failing,inauguration
thoughtless,,riotous,failure,incisive
thrash,,risk,fainting,include
threat,,risky,faithless,included
threaten,,rob,fake,including
threatening,,robber,fall,inclusive
thresh,,robbery,fallacious,income
throttle,,rod,fallacy,increase
thug,,romance,fallible,indelible
thump,,rot,falling,indemnity
thundering,,rubble,fallow,independence
tiff,,ruin,falsehood,indestructible
tighten,,ruined,falsely,individuality
tirade,,ruinous,falsification,indomitable
tolerate,,rule,falsify,ineffable
torment,,rupture,falsity,inexpensive
torpedo,,ruthless,falter,infallible
tortious,,saber,famine,infant
torture,,sabotage,fanatic,infiltration
touchy,,sacrifices,farce,infinite
toughness,,sag,farcical,infinity
traitor,,samurai,fasting,influence
traumatic,,sarcoma,fat,influential
treacherous,,savage,fatal,information
treachery,,savagery,fatality,ingenious
treason,,scaffold,fate,inheritance
treat,,scalpel,fatigue,inimitable
tree,,scandal,fatigued,innocence
tremor,,scapegoat,fatty,innocent
trespass,,scar,fault,innocently
trickery,,scarce,faulty,innocuous
tripping,,scarcity,fawn,innovate
troll,,scare,fear,innovation
troublesome,,scarecrow,fearful,inquirer
tumult,,schizophrenia,fearfully,inquiry
tumultuous,,scold,fearing,inquisitive
turbulence,,scorpion,febrile,inseparable
turmoil,,scoundrel,fecal,insignia
tussle,,scourge,feces,inspector
tyrannical,,scrapie,fee,inspiration
tyrant,,scream,feeble,inspire
ulcer,,screaming,feeling,inspired
ultimatum,,screech,feigned,instinctive
unattainable,,seclusion,fell,instruct
unbridled,,sectarian,felon,instruction
uncaring,,seize,felony,instructor
uncertain,,seizure,ferment,instrumental
uncontrollable,,senile,ferocious,insure
underpaid,,senseless,ferocity,intact
undesirable,,sentence,feud,integrity
unequal,,sepsis,feudal,intellect
unfair,,seriousness,feudalism,intellectual
unfairness,,serpent,feverish,intelligence
unforgiving,,servile,fiasco,intelligent
unfriendly,,settlor,fib,intended
unfulfilled,,shackle,fickle,intense
ungrateful,,shady,fictitious,intercourse
unhappy,,shaking,fiend,interest
unjust,,shaky,fierce,interested
unjustifiable,,shame,fight,interesting
unkind,,shanghai,fighting,interior
unlawful,,shank,filibuster,interlocutory
unlucky,,shatter,filth,interlude
unpaid,,shell,filthy,interminable
unruly,,shipwreck,firearms,intervention
unsettled,,shiver,fits,intimate
unsympathetic,,shock,flabby,intonation
unthinkable,,shoot,flaccid,intrepid
untoward,,shooter,flagging,intuition
untrustworthy,,shooting,flagrant,intuitive
upheaval,,shortage,flake,invariably
uprising,,shot,flap,inventive
upset,,shrapnel,flatulence,inventor
usurp,,shriek,flaunt,investigate
usurped,,shrill,flaw,invigorate
vampire,,shrink,flea,invitation
vehement,,shudder,flee,invite
vendetta,,sickening,fleece,inviting
vengeance,,sickness,fleshy,iron
vengeful,,sin,flinch,irreducible
venom,,sinful,flirt,irrefutable
venomous,,sinister,flog,jackpot
vent,,sinner,flop,jam
vermin,,siren,flounder,jest
versus,,skid,flu,job
veto,,slam,fluctuation,join
vicious,,slaughter,foe,joined
victim,,slaughterhouse,foiled,joker
victimized,,slaughtering,folly,joking
villainous,,slave,fool,journalist
vindicate,,slavery,foolish,journey
vindictive,,slayer,foolishness,jovial
violation,,sly,forage,joy
violence,,smash,foray,joyful
violent,,smite,forbid,joyous
violently,,smuggle,forbidding,jubilant
virulence,,smuggler,force,jubilee
volatility,,smut,forced,judicial
vote,,snake,forcibly,judicious
vulgarity,,snare,foreboding,jump
waffle,,sneak,foreclose,justice
warden,,sneaking,forego,justifiable
warfare,,socialism,foreign,justification
warlike,,socialist,foreigner,keepsake
warp,,sorcery,forewarned,ken
warrior,,sordid,forfeit,keynote
wasted,,sorrow,forfeited,keystone
wasteful,,sortie,forfeiture,kind
wench,,soulless,forgery,kindness
whip,,soulmate,forget,kindred
willful,,spank,forgotten,king
wimpy,,spasm,forlorn,kiss
wince,,spear,formless,kitten
wireless,,specter,fornication,knack
witch,,speculation,forsake,knight
witchcraft,,spider,forsaken,knowing
wop,,spike,foul,knowledge
words,,spinster,fracture,kudos
worthless,,spook,fragile,labor
wound,,sprite,frailty,lace
wrangling,,spur,frantic,lamb
wrath,,squall,fraud,land
wreak,,squeamish,fraudulent,landed
wreck,,stab,fraught,laser
wrecked,,stalk,fray,laudable
wretch,,standoff,frayed,laugh
wring,,startle,freakish,laughing
wrongdoing,,starvation,freezing,laughter
wrongful,,steal,frenetic,launch
wrongly,,stealing,frenzied,laureate
yell,,stealthy,frenzy,laurel
yelp,,stifled,fret,laurels
youth,,stigma,fright,lavish
Grand Total,,stillness,frighten,lawful
,,sting,frightened,lead
,,stingy,frightful,leader
,,stint,frigid,league
,,stormy,frivolous,learn
,,straits,frostbite,learning
,,stranger,froth,lecturer
,,strangle,frown,leeway
,,stretcher,frowning,legal
,,stripped,fruitless,legalized
,,stroke,frustrate,legendary
,,struggle,frustrated,legibility
,,stunned,frustration,legible
,,subjugation,fudge,leisure
,,subordinate,fugitive,leisurely
,,subversion,fumble,lemma
,,subvert,fume,lenient
,,sufferer,fuming,lesson
,,suffering,fungus,lettered
,,suffocating,funk,level
,,suffocation,furious,leverage
,,suicidal,furor,liberal
,,suicide,fury,liberate
,,sultan,fuss,liberation
,,sunk,fussy,liberty
,,superstition,futile,library
,,superstitious,futility,lifeblood
,,suppress,gaby,lighthouse
,,suppression,gag,liking
,,supremacy,gall,linguist
,,surgery,gallows,lion
,,surprise,gamble,lithe
,,surrender,gambler,logical
,,surveillance,gambling,longevity
,,suspect,gang,lord
,,suspense,gaol,lordship
,,suspension,gap,lovable
,,suspicion,garbage,love
,,swamp,garish,lovely
,,swampy,garnish,lovemaking
,,swastika,gash,lover
,,sweat,gasping,loving
,,swelling,gauche,loyal
,,swerve,gaunt,loyalty
,,swim,gent,luck
,,sympathetic,geriatric,lucky
,,syncope,ghastly,luscious
,,synonymous,ghetto,luster
,,syringe,ghostly,lustrous
,,taboo,gibberish,luxuriant
,,tactics,glacial,luxurious
,,talons,glare,luxury
,,taunt,glaring,lyre
,,tearful,glib,lyrical
,,teasing,gloom,magical
,,tempest,gloomy,magnet
,,terminal,glum,magnetism
,,terrible,glut,magnetite
,,terror,gluttony,magnificence
,,terrorism,gnome,magnificent
,,terrorist,goblin,maiden
,,terrorize,godless,main
,,theft,gonorrhea,mainstay
,,theocratic,goo,majestic
,,thief,gore,majesty
,,thirteenth,gorge,major
,,thorny,gorilla,majority
,,thrash,gory,manage
,,threat,gossip,management
,,threaten,gouge,mandarin
,,threatening,gout,manhood
,,thresh,government,manifested
,,thrill,grab,manly
,,throb,grasping,manna
,,thug,grate,mannered
,,thumping,grated,manners
,,thundering,grating,manufacturer
,,timid,grave,marked
,,timidity,greed,marketable
,,toothache,greedy,marquis
,,torment,grenade,marriage
,,tornado,grief,marrow
,,torrent,grievance,marry
,,torture,grieve,marshal
,,toughness,grievous,marvel
,,towering,grim,marvelous
,,toxin,grime,marvelously
,,tract,grimy,masculine
,,tragedy,grinding,massage
,,traitor,grisly,master
,,tramp,grizzly,masterpiece
,,traumatic,groan,mastery
,,travesty,grope,mate
,,treacherous,gross,maternal
,,treachery,grotesque,matrimony
,,treason,grounded,matron
,,treat,groundless,maximum
,,trembling,growl,mayor
,,tremor,growling,meadow
,,trepidation,grudge,measured
,,tribulation,grudgingly,medal
,,tribunal,gruesome,mediate
,,trickery,gruff,mediation
,,troll,grumble,mediator
,,troublesome,grumpy,medical
,,tumor,guerilla,meditate
,,tumour,guile,mediterranean
,,tumult,guillotine,medley
,,tumultuous,guilt,memento
,,turbulence,guilty,memorable
,,turbulent,guise,mending
,,turmoil,gull,menses
,,typhoon,gullible,mentor
,,tyrannical,gun,merciful
,,tyranny,gush,mercy
,,tyrant,guzzling,merge
,,ugliness,gypsy,merit
,,ulcer,hag,meritorious
,,ultimatum,haggard,merriment
,,unbridled,hail,merry
,,uncanny,hairy,metropolitan
,,uncertain,halfway,mettle
,,undecided,hallucination,microscopy
,,undesirable,halter,midwife
,,uneasy,halting,midwifery
,,unemployed,hamper,mighty
,,unequal,hamstring,mime
,,unexpected,handicap,mindful
,,unfriendly,hanging,mindfulness
,,unhealthy,hangman,ministry
,,unholy,harass,miracle
,,unjustifiable,harbinger,miraculous
,,unkind,hardened,mirth
,,unknown,hardness,missionary
,,unlawful,hardship,model
,,unlucky,harlot,moderate
,,unnatural,harm,moderator
,,unrest,harmful,modest
,,unruly,harrowing,modesty
,,unsafe,harry,momentum
,,unsettled,harshness,monetary
,,unspeakable,hash,money
,,unstable,hashish,monk
,,unsteady,hasty,monument
,,unsurpassed,hate,moral
,,unthinkable,hateful,morality
,,upheaval,hating,morals
,,uphill,hatred,mortar
,,uprising,haughty,mother
,,urgency,haunt,motherhood
,,urgent,haunted,motive
,,usurped,havoc,movable
,,validity,hazard,mover
,,vampire,hazardous,mug
,,vanished,haze,muscular
,,varicella,headache,music
,,veer,heady,musical
,,vehement,hearing,mutable
,,vendetta,hearsay,mutual
,,vengeful,hearse,nap
,,venom,heartache,naturalist
,,venomous,heartburn,navigable
,,verdict,heartless,neatly
,,verge,heathen,nectar
,,vermin,heavily,needle
,,vertigo,hedonism,negotiate
,,victim,heel,negotiator
,,victimized,heighten,neighbor
,,vigilant,heinous,nerve
,,villain,hell,nestle
,,villainous,hellish,nobility
,,violation,helpless,noble
,,violence,helplessness,nobleman
,,violent,hemorrhage,nomination
,,violently,hemorrhoids,normality
,,viper,heresy,notable
,,virulence,heretic,notables
,,volatility,hermaphrodite,noted
,,volcano,heroin,notion
,,volunteer,herpes,notoriety
,,vulnerability,herpesvirus,nourishment
,,vulture,hesitation,numbers
,,wail,hidden,nurse
,,wan,hideous,nursery
,,war,highest,nurture
,,warden,hindering,nutritious
,,ware,hindrance,oak
,,warfare,hippie,oasis
,,warlike,hiss,oath
,,warlock,hissing,obedience
,,warn,hit,objective
,,warned,hitherto,obliging
,,warning,hive,observant
,,warrior,hoarse,obtainable
,,wary,hoary,obvious
,,wasting,hoax,occupant
,,watch,hobo,occupation
,,waver,hog,occupy
,,weakly,hollow,offer
,,weight,holocaust,officer
,,weighty,homeless,offset
,,weirdo,homesick,offshoot
,,whimper,homicidal,omnipotence
,,whirlpool,homicide,omniscient
,,whirlwind,hood,openness
,,wicked,hooked,opera
,,wilderness,hoot,opportune
,,wildfire,hopeless,opportunity
,,wimp,hopelessness,optimism
,,wimpy,horde,optimist
,,wince,horrible,option
,,witch,horribly,optional
,,witchcraft,horrid,oracle
,,withstand,horrific,oration
,,woe,horrified,orchestra
,,worry,horrifying,ordained
,,worrying,horror,orderly
,,worse,horrors,ordination
,,worship,hostage,organic
,,wound,hostile,organization
,,wrangling,hostilities,organize
,,wrath,hostility,organized
,,wreck,howl,orgasm
,,wrecked,huff,originality
,,wrongly,humble,ornamented
,,xenophobia,humbug,ornate
,,yell,humiliate,outburst
,,yelp,humiliating,outcome
,,youth,humiliation,outdo
,,Grand Total,hunch,outstanding
,,,hungry,outward
,,,hunter,overjoyed
,,,hunting,overwhelming
,,,hurricane,ownership
,,,hurried,pacific
,,,hurt,pad
,,,hurtful,padding
,,,hurting,paddle
,,,hustler,palatable
,,,hydra,palliative
,,,hydrocephalus,panacea
,,,hype,panache
,,,hyperbole,panier
,,,hypocrisy,paprika
,,,hypocrite,parade
,,,hypocritical,paragon
,,,hysteria,paramount
,,,hysterical,paraphrase
,,,idiocy,pardon
,,,idiot,parentage
,,,idiotic,parietal
,,,idler,partake
,,,idolatry,participation
,,,ignorance,partner
,,,ignorant,partnership
,,,ignore,passion
,,,ill,passionate
,,,illegal,pastime
,,,illegality,pastor
,,,illegible,pastry
,,,illegitimate,pasture
,,,illicit,patent
,,,illiterate,patience
,,,illness,patient
,,,illogical,patriarchal
,,,illusion,patron
,,,imitated,patronage
,,,imitation,pay
,,,immature,peace
,,,immaturity,peaceable
,,,immediately,peaceful
,,,immoral,peacock
,,,immorality,peck
,,,immovable,peculiarity
,,,impair,pedigree
,,,impairment,peerless
,,,impassable,penchant
,,,impatience,perceive
,,,impatient,perceptible
,,,impeach,perennial
,,,impeachment,perfect
,,,impede,perfection
,,,imperfection,performer
,,,imperfectly,perk
,,,impersonate,permission
,,,impersonation,perpetuity
,,,implacable,persistence
,,,implicate,persistent
,,,impolite,personable
,,,imposition,pertinent
,,,impossible,petroleum
,,,impotence,pharmaceutical
,,,impotent,philanthropist
,,,impound,philanthropy
,,,impracticable,philosopher
,,,imprison,phoenix
,,,imprisoned,phonetic
,,,imprisonment,physician
,,,impropriety,physics
,,,imprudent,physiology
,,,impure,physique
,,,impurity,pick
,,,imputation,picnic
,,,inability,picturesque
,,,inaccessible,piety
,,,inaccurate,pill
,,,inaction,pillow
,,,inactivity,pilot
,,,inadequacy,pinnacle
,,,inadequate,pioneer
,,,inadmissible,pious
,,,inane,pith
,,,inapplicable,pivot
,,,inappropriate,placid
,,,inattention,planning
,,,inaudible,playful
,,,incalculable,playground
,,,incapacity,playhouse
,,,incarceration,pleasant
,,,incase,pleased
,,,incendiary,pleasurable
,,,incense,pledge
,,,incessant,plenary
,,,incest,plentiful
,,,incestuous,plexus
,,,incineration,plum
,,,incite,plumb
,,,inclement,plush
,,,incoherent,ply
,,,income,pointedly
,,,incompatible,police
,,,incompetence,policeman
,,,incompetent,polish
,,,incompleteness,polished
,,,incomprehensible,polite
,,,incongruous,politeness
,,,inconsequential,politic
,,,inconsiderate,pool
,,,inconsistency,pope
,,,inconvenient,popularity
,,,incorrect,popularized
,,,incredulous,population
,,,incrimination,portable
,,,incubus,possess
,,,incur,potable
,,,incurable,potency
,,,incursion,powerful
,,,indecent,powerfully
,,,indecision,practice
,,,indecisive,practiced
,,,indefensible,practise
,,,indemnify,praise
,,,indenture,praised
,,,indeterminate,praiseworthy
,,,indict,pray
,,,indictment,precaution
,,,indifference,precede
,,,indigent,precedence
,,,indignant,precious
,,,indignation,precise
,,,indistinct,precision
,,,indoctrination,predilection
,,,indolent,predominant
,,,ineffective,preeminent
,,,ineffectual,prefer
,,,inefficiency,premier
,,,inefficient,premises
,,,inept,prepare
,,,ineptitude,prepared
,,,inequality,prescient
,,,inequitable,presence
,,,inert,present
,,,inexcusable,presentable
,,,inexperience,presentment
,,,inexperienced,preservative
,,,inexplicable,preserve
,,,infamous,president
,,,infamy,prestige
,,,infanticide,presto
,,,infantile,pretty
,,,infarct,prevail
,,,infect,prevention
,,,infection,priceless
,,,infectious,pride
,,,inferior,priest
,,,inferiority,priesthood
,,,inferno,priestly
,,,infertility,primacy
,,,infestation,primary
,,,infidel,prime
,,,infidelity,primer
,,,infiltration,prince
,,,infirm,princely
,,,infirmity,princess
,,,inflammation,principal
,,,inflated,pristine
,,,inflation,privileged
,,,inflict,probity
,,,infliction,procedure
,,,influence,procession
,,,influenza,proctor
,,,informer,procure
,,,infraction,prodigal
,,,infrequently,prodigious
,,,infringement,prodigy
,,,inhibit,producer
,,,inhospitable,producing
,,,inhuman,production
,,,inhumanity,productive
,,,inimical,productivity
,,,iniquity,profession
,,,injunction,professional
,,,injure,professor
,,,injured,proficiency
,,,injurious,proficient
,,,injury,profuse
,,,injustice,progress
,,,inmate,progression
,,,inoperative,progressive
,,,insane,prolific
,,,insanity,prominence
,,,insecure,prominently
,,,insecurity,promise
,,,insidious,promising
,,,insignificance,promotion
,,,insignificant,prop
,,,insipid,proper
,,,insolent,prophet
,,,insolvency,prophylactic
,,,insolvent,proposition
,,,instability,prospect
,,,instigate,prosper
,,,instigation,prosperity
,,,insufficiency,prosperous
,,,insufficient,protect
,,,insufficiently,protecting
,,,insult,protective
,,,insulting,protector
,,,insurgent,proud
,,,insurmountable,prove
,,,insurrection,proverbial
,,,intense,provide
,,,inter,providing
,,,interdiction,prudence
,,,interference,prudent
,,,interment,psalm
,,,interminable,public
,,,interrupt,pull
,,,interrupted,pulpit
,,,intervention,punctual
,,,intestate,punctuality
,,,intimidate,puppy
,,,intimidation,purely
,,,intolerable,purification
,,,intolerance,purify
,,,intolerant,purist
,,,intoxicated,purity
,,,intractable,purr
,,,intrigue,quaint
,,,intruder,qualified
,,,intrusion,qualifying
,,,intrusive,quest
,,,invade,question
,,,invader,quickness
,,,invalidate,quiescent
,,,invalidation,quiet
,,,invalidity,quinine
,,,invasion,quote
,,,involuntary,radiance
,,,involution,radiant
,,,irate,radiate
,,,ire,radio
,,,irons,rapt
,,,irrational,rapture
,,,irrationality,rational
,,,irreconcilable,rave
,,,irregular,reader
,,,irregularity,readily
,,,irrelevant,readiness
,,,irreparable,reading
,,,irresponsible,reaffirm
,,,irreverent,real
,,,irrevocable,reason
,,,irritability,reassurance
,,,irritable,reassure
,,,irritating,rebate
,,,irritation,recast
,,,isolated,received
,,,isolation,receiving
,,,jabber,recherche
,,,jail,reciprocate
,,,jargon,reclamation
,,,jarring,recline
,,,jaundice,recognizable
,,,jealous,recommend
,,,jealousy,reconciliation
,,,jeopardize,reconsideration
,,,jeopardy,reconstruct
,,,john,reconstruction
,,,joke,recorder
,,,jornada,recoup
,,,jumble,recovery
,,,junk,recreation
,,,junta,recreational
,,,juvenile,rectify
,,,kern,redemption
,,,kick,redress
,,,kidnap,refine
,,,kill,refinement
,,,killing,reform
,,,kite,reformation
,,,knell,reformer
,,,knotted,refreshing
,,,labored,refurbish
,,,laborious,regal
,,,labyrinth,regent
,,,lace,regressive
,,,lack,regularity
,,,lacking,regulate
,,,lackluster,rehabilitate
,,,laden,rehabilitation
,,,lag,reimburse
,,,lagging,reimbursement
,,,lair,reinforcement
,,,lament,reinstate
,,,landslide,rejoice
,,,languid,rejoicing
,,,languish,rejuvenate
,,,languishing,rejuvenated
,,,lapse,rekindle
,,,larceny,relaxation
,,,lash,relevant
,,,late,reliability
,,,lateness,reliable
,,,latent,reliance
,,,latrines,relief
,,,laughable,relieving
,,,lava,remains
,,,lawlessness,remake
,,,lawsuit,remarkable
,,,lawyer,remarkably
,,,lax,remedy
,,,laxative,remission
,,,lazy,remodel
,,,leak,renaissance
,,,leakage,render
,,,leaky,renewal
,,,leave,renovate
,,,leech,renovation
,,,leeches,renown
,,,leer,renowned
,,,lemon,reorganize
,,,leprosy,reparation
,,,lessen,repay
,,,lesser,repent
,,,lethal,replenish
,,,lethargy,replete
,,,leukemia,reporter
,,,levy,repose
,,,lewd,represented
,,,liaison,reproductive
,,,liar,reputable
,,,libel,rescue
,,,liberal,reserve
,,,lick,resident
,,,lie,resilient
,,,lifeless,resistive
,,,limited,resolutely
,,,limp,resources
,,,lint,respect
,,,liquor,respectability
,,,listless,respectable
,,,litigant,respectful
,,,litigate,respecting
,,,litigation,respects
,,,litigious,respite
,,,litter,resplendent
,,,livid,responsible
,,,loaf,responsive
,,,loafer,rest
,,,loath,restful
,,,loathe,restitution
,,,loathing,restorative
,,,loathsome,restoring
,,,lobbyist,restraint
,,,lockup,resumption
,,,locust,retention
,,,lofty,retirement
,,,loneliness,reunion
,,,lonely,revel
,,,lonesome,revels
,,,loo,revere
,,,loom,reverence
,,,loon,reverend
,,,loony,reverie
,,,loot,revise
,,,lord,revival
,,,lose,revive
,,,losing,revolution
,,,loss,revolutionary
,,,lost,reward
,,,loudness,rhythm
,,,lounge,rhythmical
,,,louse,ribbon
,,,lower,richness
,,,lowering,rider
,,,lowest,righteous
,,,lowlands,rightful
,,,lowly,rightly
,,,ludicrous,ripe
,,,lumbering,ripen
,,,lump,rising
,,,lumpy,riveting
,,,lunacy,roadster
,,,lunatic,robust
,,,lurch,rock
,,,lure,rod
,,,lurid,rollicking
,,,lurk,romance
,,,lurking,romantic
,,,lush,romanticism
,,,lust,romp
,,,lustful,rooted
,,,lying,rosy
,,,lynch,rota
,,,mace,routine
,,,mad,royalty
,,,madden,rubric
,,,madman,ruth
,,,madness,safe
,,,mafia,safeguard
,,,maggot,sage
,,,makeshift,saint
,,,malady,saintly
,,,malaise,salary
,,,malaria,salient
,,,malevolent,salutary
,,,malfeasance,salute
,,,malformation,salvation
,,,malice,salve
,,,malicious,samurai
,,,malign,sanctification
,,,malignancy,sanctify
,,,malignant,sanctuary
,,,malpractice,sanguine
,,,mandamus,sanitary
,,,mange,satin
,,,mangle,satisfactorily
,,,mania,satisfied
,,,maniac,save
,,,maniacal,savings
,,,manipulate,savor
,,,manipulation,savory
,,,manslaughter,savvy
,,,manure,scarecrow
,,,margin,scholar
,,,maroon,scholarship
,,,martingale,scientific
,,,martyr,scientist
,,,martyrdom,scintilla
,,,masochism,score
,,,massacre,scribe
,,,materialism,script
,,,materialist,scrumptious
,,,maternal,sculpture
,,,meandering,sea
,,,meaningless,seal
,,,measles,seasoned
,,,meddle,seclusion
,,,mediocre,secretariat
,,,mediocrity,seniority
,,,melancholic,sensational
,,,melancholy,sense
,,,melee,sensibility
,,,melodrama,sensibly
,,,meltdown,sensual
,,,menace,sensuality
,,,menacing,sensuous
,,,menial,sentimental
,,,mercenary,sentimentality
,,,merciless,sentinel
,,,mess,serenity
,,,messy,sermon
,,,metastasis,serum
,,,methanol,settlor
,,,midwife,sex
,,,mildew,shape
,,,militia,shapely
,,,mimicry,share
,,,minimize,shelter
,,,minimum,shepherd
,,,minority,shine
,,,mire,shining
,,,misbehavior,shopping
,,,miscarriage,shoulder
,,,mischief,shrewd
,,,mischievous,silk
,,,misconception,simplify
,,,misconduct,sincere
,,,miserable,sincerity
,,,miserably,sing
,,,misery,singly
,,,misfortune,sir
,,,misguided,sisterhood
,,,mishap,skilled
,,,misinterpretation,skillful
,,,mislead,sky
,,,misleading,slate
,,,mismanagement,sleek
,,,mismatch,slender
,,,misnomer,slim
,,,misplace,smile
,,,misplaced,smiling
,,,misrepresent,smitten
,,,misrepresentation,smoothness
,,,misrepresented,snicker
,,,missing,sobriety
,,,misstatement,sociable
,,,mistake,solace
,,,mistaken,soldier
,,,mistress,solid
,,,mistrust,solidity
,,,misunderstand,solution
,,,misunderstanding,solvency
,,,misuse,sonar
,,,mite,sonata
,,,mob,sonnet
,,,mockery,sonorous
,,,mocking,soothe
,,,molestation,soothing
,,,monochrome,sorter
,,,monopolist,soundness
,,,monsoon,soup
,,,monster,spa
,,,monstrosity,spacious
,,,moody,spaniel
,,,moot,sparkle
,,,morbid,special
,,,morbidity,specie
,,,morgue,spectacle
,,,moribund,speech
,,,moron,speedy
,,,moronic,spelling
,,,morsel,spice
,,,mortal,spine
,,,mortality,spirit
,,,mortification,spirits
,,,mortuary,splendid
,,,mosquito,splendor
,,,mother,sponsor
,,,mourn,spotless
,,,mournful,spouse
,,,mourning,spruce
,,,muck,stable
,,,mud,staccato
,,,muddle,stainless
,,,muddled,stallion
,,,muddy,stalwart
,,,muff,stamina
,,,mug,standing
,,,mule,star
,,,mum,starlight
,,,mumble,starry
,,,mumps,stately
,,,murder,statement
,,,murderer,statue
,,,murderous,status
,,,murky,staunch
,,,muss,steadfast
,,,musty,stellar
,,,mutant,sterling
,,,mutilated,steward
,,,mutilation,stillness
,,,mutiny,store
,,,mutter,straightforward
,,,muzzle,strategic
,,,myopia,strategist
,,,nab,strength
,,,nadir,strengthen
,,,nag,strengthening
,,,naive,striking
,,,nameless,strikingly
,,,nappy,strongly
,,,narcotic,structure
,,,nasty,stud
,,,naughty,study
,,,nausea,sturdy
,,,nauseous,sublimation
,,,nay,substance
,,,needful,substantive
,,,needy,succeed
,,,nefarious,succeeding
,,,negation,success
,,,negative,successful
,,,neglect,succinct
,,,neglected,succulent
,,,neglecting,sufficiency
,,,negligence,sugar
,,,negligent,suitable
,,,negligently,sultry
,,,negro,sunny
,,,nepotism,sunset
,,,nervous,sunshine
,,,nether,superb
,,,nettle,superhuman
,,,neuralgia,superior
,,,neurosis,superiority
,,,neurotic,superman
,,,nicotine,superstar
,,,nightmare,superstition
,,,nihilism,supplication
,,,noise,supplies
,,,noisy,supply
,,,noncompliance,supported
,,,nonsense,supporter
,,,nonsensical,supporting
,,,noose,supremacy
,,,nothingness,supreme
,,,notoriety,supremely
,,,noxious,surety
,,,nuisance,surmise
,,,nul,surpassing
,,,nullify,surprise
,,,numb,surround
,,,numbness,surveying
,,,nun,survive
,,,oaf,swear
,,,obese,sweet
,,,obesity,sweetheart
,,,obi,sweetie
,,,obit,sweetness
,,,obituary,sweets
,,,objection,swift
,,,objectionable,swim
,,,oblige,symbolic
,,,obligor,symmetrical
,,,obliterate,symmetry
,,,obliterated,sympathetic
,,,obliteration,sympathy
,,,oblivion,symphony
,,,obnoxious,synchronize
,,,obscene,synergistic
,,,obscenity,synod
,,,obscurity,synonymous
,,,obstacle,tact
,,,obstinate,tale
,,,obstruct,talent
,,,obstruction,talisman
,,,obstructive,talk
,,,obtuse,tanned
,,,occult,tantalizing
,,,oddity,task
,,,odious,tasteful
,,,odor,tasty
,,,offend,teach
,,,offended,teacher
,,,offender,technology
,,,offense,teens
,,,offensive,temperance
,,,offhand,tempered
,,,offing,tenable
,,,ogre,tenacious
,,,olfactory,tenacity
,,,oligarchy,tenancy
,,,omen,tenant
,,,ominous,tender
,,,omit,tenderness
,,,omnipotence,thankful
,,,onerous,thanksgiving
,,,onus,theoretical
,,,ooze,therapeutic
,,,opaque,therapeutics
,,,operatic,thinker
,,,opiate,thoroughbred
,,,opinionated,thoughtful
,,,opium,thoughtfulness
,,,opponent,thrift
,,,oppose,thrill
,,,opposed,thrilling
,,,opposition,thriving
,,,oppress,throne
,,,oppression,tickle
,,,oppressive,tiling
,,,oppressor,timely
,,,orc,tinsel
,,,ordeal,title
,,,ordnance,toast
,,,orphan,tolerant
,,,ostensibly,toleration
,,,oust,top
,,,outburst,toughness
,,,outcast,tower
,,,outcry,towering
,,,outhouse,traditional
,,,outlandish,tranquil
,,,outlaw,tranquility
,,,outrage,transcendence
,,,outstanding,transcendental
,,,ovation,traveling
,,,overbearing,treasure
,,,overburden,treat
,,,overcast,tree
,,,overdo,tremendously
,,,overdose,trend
,,,overdue,trendy
,,,overestimated,tributary
,,,overflow,tribute
,,,overgrown,trig
,,,overload,triumph
,,,overpaid,triumphant
,,,overpower,trophy
,,,overpowering,truce
,,,overpriced,trusty
,,,oversight,truth
,,,overthrow,truthfulness
,,,overturn,tutelage
,,,overwhelm,tutor
,,,overwhelmed,twin
,,,owing,twinkle
,,,oxidation,ultimately
,,,pain,umpire
,,,pained,unanimity
,,,painful,unanimous
,,,painfully,unassuming
,,,pains,unbeaten
,,,palsy,unbiased
,,,pandemic,unbreakable
,,,pang,unbridled
,,,panic,unbroken
,,,parade,unconstrained
,,,paralysis,underline
,,,paranoia,understanding
,,,paraphrase,underwrite
,,,parasite,undivided
,,,pare,undying
,,,parrot,unequivocally
,,,parsimonious,unexpected
,,,partisan,unfold
,,,passe,unification
,,,passive,uniformly
,,,passivity,unimaginable
,,,patch,uninfected
,,,pathetic,unique
,,,patronizing,unison
,,,patter,unitary
,,,paucity,united
,,,pauper,unity
,,,pawn,university
,,,payback,unlimited
,,,payment,unpretentious
,,,peculiarities,unquestionable
,,,pedestrian,unquestionably
,,,penal,unquestioned
,,,penalty,unscathed
,,,penetration,unselfish
,,,penitentiary,unsurpassed
,,,perdition,untie
,,,peril,unwavering
,,,perilous,uphill
,,,perish,uplift
,,,perishable,upright
,,,perished,usefulness
,,,perishing,usher
,,,perjury,usual
,,,pernicious,utility
,,,perpetrator,utopian
,,,perpetuation,vacation
,,,perplexed,vaccine
,,,perplexity,valiant
,,,persecute,valor
,,,persecution,valuable
,,,perturbation,vanguard
,,,pertussis,vanquish
,,,perverse,velvet
,,,perversion,velvety
,,,pervert,venerable
,,,perverted,veneration
,,,pessimism,veracity
,,,pessimist,verdant
,,,pest,verification
,,,pestilence,verified
,,,pet,verily
,,,petroleum,veritable
,,,petty,vernal
,,,phantom,verve
,,,phlegm,veteran
,,,phony,vicar
,,,picket,victor
,,,picketing,victorious
,,,pickle,victory
,,,pig,vigilance
,,,pigeon,vigilant
,,,piles,vigor
,,,pillage,vigorous
,,,pimp,villager
,,,pimple,vindicated
,,,pine,vindication
,,,pinion,virgin
,,,pique,virginity
,,,piracy,virtue
,,,pirate,virtuous
,,,pistol,vision
,,,pitfall,visionary
,,,plagiarism,visit
,,,plague,visitor
,,,plaintiff,vital
,,,plated,vitality
,,,player,vivacious
,,,plea,vivid
,,,plight,vocabulary
,,,plodding,volunteer
,,,plummet,voluptuous
,,,plunder,vote
,,,plunge,vouch
,,,pneumonia,vow
,,,poaching,wages
,,,pointless,warranty
,,,poison,warrior
,,,poisoned,watchdog
,,,poisoning,watchful
,,,poisonous,watchman
,,,poke,waterproof
,,,polemic,wealth
,,,polio,weatherproof
,,,pollute,weight
,,,pollution,welcomed
,,,polygamy,whiteness
,,,pomp,wholesome
,,,pompous,wicket
,,,ponderous,widespread
,,,poorly,willingly
,,,pop,willingness
,,,porcupine,windfall
,,,porn,winner
,,,porno,winning
,,,pornographic,winnings
,,,pornography,wireless
,,,pose,wis
,,,possessed,wisdom
,,,possession,wise
,,,posthumous,wit
,,,postponement,withstand
,,,pound,wits
,,,poverty,witty
,,,powerless,wizard
,,,prank,womb
,,,precarious,wonderful
,,,precinct,wonderfully
,,,predatory,wondrous
,,,predicament,word
,,,pregnancy,working
,,,prejudice,worship
,,,prejudiced,worth
,,,prejudicial,worthy
,,,premeditated,wot
,,,presentment,writer
,,,pressure,yearning
,,,presumptuous,youth
,,,pretend,zeal
,,,pretended,zealous
,,,pretending,zest
,,,pretense,
,,,pretensions,
,,,preventive,
,,,prey,
,,,prick,
,,,prickly,
,,,prison,
,,,prisoner,
,,,privy,
,,,problem,
,,,procrastinate,
,,,procrastination,
,,,prodigal,
,,,profane,
,,,profanity,
,,,profusion,
,,,prohibited,
,,,prohibition,
,,,prolong,
,,,promiscuous,
,,,propaganda,
,,,prosecute,
,,,prosecution,
,,,prostitute,
,,,prostitution,
,,,provocation,
,,,provoking,
,,,pry,
,,,prying,
,,,psychosis,
,,,publicist,
,,,puffy,
,,,punch,
,,,pungent,
,,,punish,
,,,punished,
,,,punishing,
,,,punishment,
,,,punitive,
,,,purgatory,
,,,purge,
,,,pus,
,,,quack,
,,,quagmire,
,,,quail,
,,,quandary,
,,,quarrel,
,,,quash,
,,,quell,
,,,questionable,
,,,quicksilver,
,,,quit,
,,,quiver,
,,,quivering,
,,,quiz,
,,,quote,
,,,rabble,
,,,rabid,
,,,rabies,
,,,rack,
,,,racket,
,,,radiation,
,,,radioactive,
,,,radon,
,,,rage,
,,,raging,
,,,rags,
,,,raid,
,,,rail,
,,,ram,
,,,rambling,
,,,rampage,
,,,rancid,
,,,ransom,
,,,rape,
,,,raptors,
,,,rascal,
,,,rash,
,,,rat,
,,,rating,
,,,raucous,
,,,rave,
,,,ravenous,
,,,raving,
,,,reactionary,
,,,rear,
,,,rebel,
,,,rebuke,
,,,rebut,
,,,recalcitrant,
,,,recession,
,,,recidivism,
,,,reckless,
,,,recklessness,
,,,redundant,
,,,reflux,
,,,refractory,
,,,refusal,
,,,refuse,
,,,refused,
,,,regress,
,,,regression,
,,,regressive,
,,,regret,
,,,regrettable,
,,,regretted,
,,,regretting,
,,,regulatory,
,,,rein,
,,,reject,
,,,rejected,
,,,rejection,
,,,rejects,
,,,rekindle,
,,,relapse,
,,,relegation,
,,,relinquish,
,,,reluctant,
,,,remains,
,,,remand,
,,,remedial,
,,,remiss,
,,,remorse,
,,,removal,
,,,remove,
,,,rencontre,
,,,rend,
,,,renegade,
,,,renounce,
,,,renunciation,
,,,repellant,
,,,repellent,
,,,repelling,
,,,repress,
,,,repression,
,,,reprimand,
,,,reprint,
,,,reprisal,
,,,reproach,
,,,republic,
,,,repudiation,
,,,repulsion,
,,,rescind,
,,,rescission,
,,,resent,
,,,resentful,
,,,resentment,
,,,resign,
,,,resignation,
,,,resigned,
,,,resist,
,,,resistance,
,,,resistant,
,,,resisting,
,,,restrain,
,,,restrict,
,,,restriction,
,,,restrictive,
,,,retaliate,
,,,retaliation,
,,,retaliatory,
,,,retard,
,,,retardation,
,,,reticent,
,,,retirement,
,,,retort,
,,,retract,
,,,retraction,
,,,retrenchment,
,,,retribution,
,,,retrograde,
,,,revenge,
,,,reversal,
,,,revive,
,,,revocation,
,,,revoke,
,,,revolt,
,,,revolting,
,,,revolution,
,,,revolver,
,,,revulsion,
,,,rheumatism,
,,,rickety,
,,,riddled,
,,,ridicule,
,,,ridiculous,
,,,rife,
,,,rifle,
,,,rift,
,,,rigid,
,,,rigidity,
,,,rigor,
,,,rigorous,
,,,ringer,
,,,riot,
,,,riotous,
,,,risk,
,,,risky,
,,,rivalry,
,,,rob,
,,,robber,
,,,robbery,
,,,rogue,
,,,rook,
,,,rot,
,,,rotting,
,,,roughness,
,,,rout,
,,,row,
,,,rowdy,
,,,rubbish,
,,,rubble,
,,,rue,
,,,ruffle,
,,,rugged,
,,,ruin,
,,,ruined,
,,,ruinous,
,,,rumor,
,,,runaway,
,,,rupture,
,,,ruse,
,,,rust,
,,,rusty,
,,,ruthless,
,,,saber,
,,,sabotage,
,,,sacrifices,
,,,sadly,
,,,sadness,
,,,sag,
,,,sap,
,,,sarcasm,
,,,sarcoma,
,,,sardonic,
,,,satanic,
,,,saturated,
,,,savage,
,,,savagery,
,,,scab,
,,,scaffold,
,,,scalpel,
,,,scaly,
,,,scandal,
,,,scandalous,
,,,scanty,
,,,scapegoat,
,,,scar,
,,,scarce,
,,,scarcely,
,,,scarcity,
,,,scare,
,,,scarecrow,
,,,scavenger,
,,,scheme,
,,,schism,
,,,schizophrenia,
,,,sciatica,
,,,scoff,
,,,scold,
,,,scolding,
,,,scorching,
,,,scorn,
,,,scorpion,
,,,scotch,
,,,scoundrel,
,,,scourge,
,,,scrambling,
,,,scrapie,
,,,scream,
,,,screaming,
,,,screech,
,,,screwed,
,,,scrimmage,
,,,scrub,
,,,scrutinize,
,,,scrutiny,
,,,scum,
,,,sear,
,,,secession,
,,,secluded,
,,,seclusion,
,,,secondhand,
,,,secretion,
,,,secretive,
,,,sectarian,
,,,sedition,
,,,seduce,
,,,seduction,
,,,segregate,
,,,segregated,
,,,seize,
,,,selfish,
,,,selfishness,
,,,senile,
,,,senseless,
,,,sensual,
,,,sentence,
,,,separatist,
,,,sepsis,
,,,septic,
,,,sequestration,
,,,serene,
,,,serpent,
,,,servant,
,,,serve,
,,,servile,
,,,servitude,
,,,setback,
,,,sever,
,,,sewage,
,,,sewerage,
,,,shabby,
,,,shack,
,,,shackle,
,,,shady,
,,,shaking,
,,,shaky,
,,,sham,
,,,shambles,
,,,shame,
,,,shameful,
,,,shameless,
,,,shanghai,
,,,shark,
,,,shatter,
,,,shattered,
,,,shed,
,,,shell,
,,,shelved,
,,,shipwreck,
,,,shit,
,,,shiver,
,,,shock,
,,,shoddy,
,,,shoot,
,,,shooting,
,,,shoplifting,
,,,shortage,
,,,shortcoming,
,,,shot,
,,,shove,
,,,showy,
,,,shriek,
,,,shrill,
,,,shrink,
,,,shrunk,
,,,shudder,
,,,shun,
,,,sick,
,,,sickening,
,,,sickly,
,,,sickness,
,,,silly,
,,,sin,
,,,sinful,
,,,sinister,
,,,sinner,
,,,sinning,
,,,siren,
,,,sissy,
,,,skeptical,
,,,sketchy,
,,,skewed,
,,,skid,
,,,skip,
,,,skirmish,
,,,slack,
,,,slag,
,,,slam,
,,,slander,
,,,slanderous,
,,,slap,
,,,slaughter,
,,,slaughterhouse,
,,,slaughtering,
,,,slave,
,,,slavery,
,,,slay,
,,,slayer,
,,,sleet,
,,,slimy,
,,,slink,
,,,slip,
,,,slop,
,,,sloppy,
,,,sloth,
,,,slouch,
,,,slough,
,,,slowness,
,,,sludge,
,,,slug,
,,,sluggish,
,,,slum,
,,,slump,
,,,slur,
,,,slush,
,,,slut,
,,,sly,
,,,smack,
,,,small,
,,,smash,
,,,smashed,
,,,smattering,
,,,smell,
,,,smelling,
,,,smirk,
,,,smite,
,,,smoker,
,,,smother,
,,,smudge,
,,,smug,
,,,smuggle,
,,,smuggler,
,,,smuggling,
,,,smut,
,,,snag,
,,,snags,
,,,snake,
,,,snare,
,,,snarl,
,,,snarling,
,,,sneak,
,,,sneaking,
,,,sneer,
,,,sneeze,
,,,snide,
,,,snob,
,,,soak,
,,,sob,
,,,socialist,
,,,soil,
,,,soiled,
,,,somatic,
,,,somber,
,,,soot,
,,,sorcery,
,,,sordid,
,,,sore,
,,,sorely,
,,,soreness,
,,,sorrow,
,,,sorrowful,
,,,sortie,
,,,soulless,
,,,soulmate,
,,,sour,
,,,spank,
,,,spasm,
,,,spat,
,,,spear,
,,,speck,
,,,spectacle,
,,,specter,
,,,spectral,
,,,speculation,
,,,spent,
,,,spine,
,,,spinster,
,,,spite,
,,,spiteful,
,,,splinter,
,,,split,
,,,splitting,
,,,spoil,
,,,spoiler,
,,,spoke,
,,,sponge,
,,,spook,
,,,sprain,
,,,spree,
,,,sprite,
,,,spurious,
,,,squall,
,,,squatter,
,,,squeamish,
,,,squelch,
,,,squirm,
,,,stab,
,,,staggering,
,,,stagnant,
,,,stain,
,,,stale,
,,,stalk,
,,,standoff,
,,,standstill,
,,,staring,
,,,stark,
,,,startle,
,,,starvation,
,,,starved,
,,,starving,
,,,stationary,
,,,stave,
,,,steal,
,,,stealing,
,,,stealthy,
,,,stereotype,
,,,stereotyped,
,,,sterile,
,,,sterility,
,,,sterling,
,,,stern,
,,,stiff,
,,,stiffness,
,,,stifle,
,,,stifled,
,,,stigma,
,,,stillborn,
,,,sting,
,,,stinging,
,,,stingy,
,,,stink,
,,,stinking,
,,,stint,
,,,stocks,
,,,stolen,
,,,stone,
,,,stoned,
,,,stools,
,,,stoppage,
,,,storm,
,,,stormy,
,,,strained,
,,,straits,
,,,stranded,
,,,stranger,
,,,strangle,
,,,stray,
,,,stress,
,,,strife,
,,,strike,
,,,strip,
,,,stripe,
,,,stripped,
,,,stroke,
,,,struggle,
,,,strut,
,,,stuffy,
,,,stumble,
,,,stunned,
,,,stunted,
,,,stupid,
,,,stupidity,
,,,stupor,
,,,sty,
,,,subdue,
,,,subject,
,,,subjected,
,,,subjection,
,,,subjugation,
,,,subordinate,
,,,subpoena,
,,,subsidence,
,,,subsidy,
,,,subsist,
,,,subtract,
,,,subversion,
,,,subversive,
,,,subvert,
,,,succulent,
,,,succumb,
,,,suck,
,,,sucker,
,,,sue,
,,,suffer,
,,,sufferer,
,,,suffering,
,,,suffocating,
,,,suffocation,
,,,suicidal,
,,,suicide,
,,,sullen,
,,,summons,
,,,sunk,
,,,superficial,
,,,superfluous,
,,,superstition,
,,,superstitious,
,,,suppress,
,,,suppression,
,,,supremacy,
,,,surcharge,
,,,surly,
,,,surrender,
,,,surrendering,
,,,surround,
,,,susceptible,
,,,suspect,
,,,suspension,
,,,suspicion,
,,,suspicious,
,,,swab,
,,,swamp,
,,,swampy,
,,,swastika,
,,,swelling,
,,,swig,
,,,swine,
,,,swollen,
,,,symptom,
,,,syncope,
,,,synonymous,
,,,taboo,
,,,taint,
,,,talons,
,,,tangled,
,,,tantalizing,
,,,tardiness,
,,,tardy,
,,,tariff,
,,,tarnish,
,,,tarry,
,,,tasteless,
,,,taunt,
,,,tax,
,,,tease,
,,,teasing,
,,,tedious,
,,,tedium,
,,,teens,
,,,tempest,
,,,temptation,
,,,tenement,
,,,terminal,
,,,termination,
,,,termite,
,,,terrible,
,,,terror,
,,,terrorism,
,,,terrorist,
,,,terrorize,
,,,tetanus,
,,,tether,
,,,theft,
,,,theism,
,,,theocratic,
,,,thief,
,,,thirsty,
,,,thorn,
,,,thorny,
,,,thoughtless,
,,,thrash,
,,,threat,
,,,threaten,
,,,threatening,
,,,thresh,
,,,throb,
,,,throttle,
,,,thug,
,,,thump,
,,,thundering,
,,,thwart,
,,,tiff,
,,,timid,
,,,timidity,
,,,tipsy,
,,,tirade,
,,,tired,
,,,tiredness,
,,,tiresome,
,,,tit,
,,,toad,
,,,tobacco,
,,,toilet,
,,,toils,
,,,tolerate,
,,,toothache,
,,,torment,
,,,torn,
,,,torpedo,
,,,torrid,
,,,tort,
,,,tortious,
,,,torture,
,,,touched,
,,,touchy,
,,,tough,
,,,toxic,
,,,toxin,
,,,tragedy,
,,,tragic,
,,,traitor,
,,,tramp,
,,,trance,
,,,transgression,
,,,trappings,
,,,traps,
,,,trash,
,,,trashy,
,,,traumatic,
,,,travail,
,,,travesty,
,,,treacherous,
,,,treachery,
,,,treason,
,,,treat,
,,,trembling,
,,,tremor,
,,,trepidation,
,,,trespass,
,,,tribulation,
,,,tribunal,
,,,trick,
,,,trickery,
,,,trifle,
,,,tripping,
,,,troll,
,,,troublesome,
,,,trumpet,
,,,tumble,
,,,tumor,
,,,tumour,
,,,tumult,
,,,tumultuous,
,,,turbulence,
,,,turbulent,
,,,turmoil,
,,,twitch,
,,,typhoon,
,,,tyrannical,
,,,tyranny,
,,,tyrant,
,,,ugliness,
,,,ugly,
,,,ulcer,
,,,ulterior,
,,,ultimatum,
,,,unable,
,,,unacceptable,
,,,unaccountable,
,,,unapproved,
,,,unattached,
,,,unattainable,
,,,unattractive,
,,,unauthorized,
,,,unavoidable,
,,,unaware,
,,,unbearable,
,,,unbeaten,
,,,unbelief,
,,,unbelievable,
,,,unborn,
,,,unbridled,
,,,uncanny,
,,,uncaring,
,,,uncertain,
,,,unchangeable,
,,,unclean,
,,,uncomfortable,
,,,unconscionable,
,,,unconscious,
,,,unconstitutional,
,,,uncontrollable,
,,,uncontrolled,
,,,undecided,
,,,undermined,
,,,underpaid,
,,,undersized,
,,,undesirable,
,,,undesired,
,,,undo,
,,,uneasiness,
,,,uneasy,
,,,uneducated,
,,,unemployed,
,,,unequal,
,,,uneven,
,,,unexpected,
,,,unexplained,
,,,unfair,
,,,unfairness,
,,,unfaithful,
,,,unfavorable,
,,,unfinished,
,,,unforgiving,
,,,unfortunate,
,,,unfriendly,
,,,unfulfilled,
,,,unfurnished,
,,,ungodly,
,,,ungrateful,
,,,unhappiness,
,,,unhappy,
,,,unhealthy,
,,,unholy,
,,,unimaginable,
,,,unimportant,
,,,unimpressed,
,,,unimproved,
,,,uninformed,
,,,uninitiated,
,,,uninspired,
,,,unintelligible,
,,,unintentionally,
,,,uninterested,
,,,uninteresting,
,,,unjust,
,,,unjustifiable,
,,,unjustified,
,,,unkind,
,,,unknown,
,,,unlawful,
,,,unlicensed,
,,,unlucky,
,,,unmanageable,
,,,unnatural,
,,,unofficial,
,,,unpaid,
,,,unpleasant,
,,,unpopular,
,,,unpredictable,
,,,unprepared,
,,,unproductive,
,,,unprofitable,
,,,unprotected,
,,,unpublished,
,,,unreliable,
,,,unrequited,
,,,unruly,
,,,unsafe,
,,,unsatisfactory,
,,,unsatisfied,
,,,unsavory,
,,,unscrupulous,
,,,unsettled,
,,,unsightly,
,,,unsophisticated,
,,,unspeakable,
,,,unstable,
,,,unsuccessful,
,,,unsuitable,
,,,unsung,
,,,unsupported,
,,,unsustainable,
,,,unsympathetic,
,,,untamed,
,,,untenable,
,,,unthinkable,
,,,untidy,
,,,untie,
,,,untimely,
,,,untitled,
,,,untold,
,,,untoward,
,,,untrained,
,,,untrue,
,,,untrustworthy,
,,,unwarranted,
,,,unwashed,
,,,unwelcome,
,,,unwell,
,,,unwillingness,
,,,unwise,
,,,unwitting,
,,,unworthy,
,,,unyielding,
,,,upheaval,
,,,uphill,
,,,uprising,
,,,uproar,
,,,upset,
,,,urchin,
,,,urgent,
,,,useless,
,,,usurp,
,,,usurped,
,,,usury,
,,,vacancy,
,,,vacuous,
,,,vague,
,,,vagueness,
,,,vainly,
,,,vampire,
,,,vanished,
,,,vanity,
,,,varicella,
,,,varicose,
,,,vegetative,
,,,vehement,
,,,vendetta,
,,,vengeance,
,,,vengeful,
,,,venom,
,,,venomous,
,,,verbosity,
,,,verge,
,,,vermin,
,,,versus,
,,,vertigo,
,,,veto,
,,,vice,
,,,vicious,
,,,victim,
,,,victimized,
,,,villain,
,,,villainous,
,,,vindictive,
,,,violation,
,,,violence,
,,,violent,
,,,violently,
,,,viper,
,,,virulence,
,,,virus,
,,,visitation,
,,,vixen,
,,,volatility,
,,,volcano,
,,,vomiting,
,,,voodoo,
,,,vote,
,,,vulgar,
,,,vulgarity,
,,,vulnerability,
,,,vulture,
,,,waffle,
,,,wail,
,,,wait,
,,,wallow,
,,,wan,
,,,wane,
,,,wanting,
,,,war,
,,,warden,
,,,ware,
,,,warfare,
,,,warlike,
,,,warn,
,,,warp,
,,,warped,
,,,wart,
,,,waste,
,,,wasted,
,,,wasteful,
,,,wasting,
,,,watery,
,,,waver,
,,,weakened,
,,,weakly,
,,,weakness,
,,,wear,
,,,wearily,
,,,weariness,
,,,weary,
,,,weeds,
,,,weep,
,,,weight,
,,,weird,
,,,weirdo,
,,,wen,
,,,wench,
,,,whack,
,,,whim,
,,,whine,
,,,whip,
,,,whirlwind,
,,,whisky,
,,,whore,
,,,wicked,
,,,wickedness,
,,,wild,
,,,wildcat,
,,,wildfire,
,,,willful,
,,,wimp,
,,,wimpy,
,,,wince,
,,,witch,
,,,witchcraft,
,,,withdraw,
,,,wither,
,,,withered,
,,,woe,
,,,woeful,
,,,woefully,
,,,words,
,,,worm,
,,,worn,
,,,worried,
,,,worry,
,,,worrying,
,,,worse,
,,,worsening,
,,,worthless,
,,,wound,
,,,wrangling,
,,,wrath,
,,,wreak,
,,,wreck,
,,,wrecked,
,,,wrench,
,,,wrestling,
,,,wretch,
,,,wretched,
,,,wrong,
,,,wrongdoing,
,,,wrongful,
,,,wrongly,
,,,wrought,
,,,wry,
,,,xenophobia,
,,,yawn,
,,,yawning,
,,,yearning,
,,,yell,
,,,yellows,
,,,yelp,
,,,zip,